--
-- Script was generated by Devart dbForge Studio 2020 for MySQL, Version 9.0.435.0
-- Product Home Page: http://www.devart.com/dbforge/mysql/studio
-- Script date 11/25/2020 2:11:46 PM
-- Target server version: 8.0.20
-- Target connection string: User Id=admin;Host=project-3309.c0vk0iwpo9it.us-east-2.rds.amazonaws.com;Character Set=utf8
--



SET NAMES 'utf8';
USE `3309`;
--
-- Delete data from the table 'Zone_Membership'
--
TRUNCATE TABLE Zone_Membership;
--
-- Delete data from the table 'Location_Distance'
--
TRUNCATE TABLE Location_Distance;
--
-- Delete data from the table 'Lecture'
--
TRUNCATE TABLE Lecture;
--
-- Delete data from the table 'Enrollment'
--
TRUNCATE TABLE Enrollment;
--
-- Delete data from the table 'COVID_Case'
--
TRUNCATE TABLE COVID_Case;
--
-- Delete data from the table 'Location'
--
DELETE FROM Location;
--
-- Delete data from the table 'Classroom'
--
DELETE FROM Classroom;
--
-- Delete data from the table 'Student'
--
DELETE FROM Student;
--
-- Delete data from the table 'Course'
--
DELETE FROM Course;
--
-- Delete data from the table 'Building'
--
DELETE FROM Building;

--
-- Inserting data into table Building
--
INSERT INTO Building(buildingName, longitude, latitude) VALUES
('LHR', -43.667396, 3.560036),
('BTM', -247.824933, -672.994095),
('VIX', -243.049093, 73.466126),
('YAA', -713.340758, 434.013939),
('LPT', 639.8149, -328.490181),
('SOQ', 541.929294, -633.318999),
('YZP', -270.265073, 575.882109),
('LUD', -560.061474, 91.525385),
('BLV', -116.551419, 681.02541),
('GSM', -394.944888, 247.539568),
('YYZ', 580.375069, -6.819625),
('SRQ', 129.304654, -339.435648),
('LOO', -831.817904, 298.907313),
('SGO', 149.771231, 654.528997),
('ATD', -29.395003, -41.28568),
('XIY', -199.391159, 615.992013),
('CDS', -85.017936, 244.478264),
('WMO', -562.098077, -594.635271),
('TRF', 241.849152, -22.939884),
('TKA', -91.223469, -665.668412),
('YSO', 8.307712, 234.777426),
('KEK', 890.515849, 686.572304),
('CAG', -198.366106, 654.37639),
('TTA', 3.730518, -538.741463),
('ACH', -472.746557, 80.998825),
('PKV', -880.432056, -775.455997),
('IXC', 7.387221, -175.987792),
('ESD', -41.312988, 969.421527),
('MZR', -146.071214, -750.167304),
('MMY', 382.207258, -8.911516),
('VLI', 155.162957, 257.911492),
('PED', -670.619048, -980.224892),
('AGB', 420.788555, -692.396613),
('JEG', -806.072495, -130.175226),
('CCN', -68.694192, -13.059941),
('OND', -27.008136, -395.555571),
('MYQ', 29.162263, 438.254796),
('SVB', -448.179846, -764.307417),
('BUI', 2.662265, 453.105651),
('DHA', -792.484187, 185.366406),
('KYK', -725.437704, 317.955848),
('INV', 974.900232, -144.708155),
('LPY', 116.271621, 180.324738),
('QXG', -302.43596, -68.513486),
('XFN', 718.293138, -1.346995),
('DUD', 11.619566, 868.350787),
('FTA', -4.502754, -334.192147),
('AXJ', -557.193792, 842.743591),
('CYX', 205.708964, 682.019075),
('DSK', 532.736317, 691.989023);



--
-- Inserting data into table Course
--
INSERT INTO Course(courseID, courseName, description, numberOfStudents) VALUES
('56857', 'Manufacturing', 'Ea vero, deleniti dolorem est rerum sit deserunt consequatur aut recusandae quia nemo et nihil. Ut libero ea et aspernatur aut sunt omnis et esse explicabo tempora explicabo harum voluptates. Eos quasi fugit maiores aut quos necessitatibus qui omnis eos commodi aperiam natus saepe pariatur. Quasi veniam ut tempore voluptatem culpa dignissimos fugit magni perspiciatis sed molestiae quos rerum architecto; voluptatem nesciunt illum voluptas omnis cum fugit ex rerum repellendus dolor doloremque et tenetur sint. Est vel aspernatur debitis ut eaque aut nisi quae minus, voluptatem at nesciunt unde hic; animi odit, qui ut alias sit non et sit dolor aut id illum est eius. Reiciendis et qui in ipsa corrupti dolorem suscipit error qui veritatis ut a sit omnis? In culpa sint est placeat repudiandae commodi, dolorem consequatur dolores natus corrupti aut et id; non esse fugit, deleniti consequuntur veniam et quia blanditiis voluptas eius earum dolore fuga et. Et unde illo iste nihil aliquam natus fugiat saepe inventore incidunt cumque facilis ut quos. Tenetur ea eius aspernatur et veniam exercitationem et dolorum debitis necessitatibus ut officiis molestiae dolor. Voluptatem eos voluptas dignissimos sapiente nobis quibusdam libero corporis similique minus perspiciatis ipsa doloribus consequuntur! Ut ex molestias, nulla sed id est commodi harum a iste fugit similique animi laudantium. Et quis ut enim, aut sequi possimus explicabo facilis minima voluptas et delectus ullam ut. Ad molestias excepturi omnis maiores quisquam, sint fugiat veritatis molestias et qui natus molestiae voluptas. Accusantium unde sint error aliquam voluptatem voluptate, voluptatem sit at illum sit ut molestiae ut.', 104),
('08272', 'Information Technology', 'Officia dolorem et nostrum labore expedita voluptatem non voluptas sunt sit sunt sit pariatur qui. Earum sit veritatis sint aspernatur officia culpa sed accusamus, doloribus quae sed amet unde libero. Quod commodi sed maxime minima et error esse atque, distinctio quae sed quos provident quis. Sunt similique voluptates, sed quis dicta et aspernatur error optio enim qui dolores consequatur laudantium. Recusandae molestiae, ullam sed quo praesentium alias qui voluptatem officia deleniti earum veniam ea corrupti! Esse expedita eos excepturi vitae non temporibus dolorem sed consequuntur illo autem ut in consequuntur. Cum dignissimos assumenda numquam quia nobis aperiam eius veritatis unde accusantium vel quia quae nihil! Est sed minus reprehenderit eum dolores iusto tempora sapiente et quo, velit et sit id. Praesentium quidem repellendus eveniet esse vero sed quos, voluptatem repudiandae aliquid maxime fugiat est corrupti! Voluptatem itaque quas laudantium qui rem rerum est accusantium fugit ut eos unde commodi ea. Est ullam non, ut minima adipisci dignissimos vitae nobis sed id culpa quisquam consequuntur natus. Commodi porro debitis non, quia sunt velit placeat praesentium obcaecati tenetur natus quod corporis id. Eaque explicabo fugiat saepe tempore aut, qui incidunt dolorem odio harum nemo sit omnis et. Dolor repellendus qui consequuntur sed aperiam maiores, ea quo dolor temporibus est consequatur et non. Libero voluptatem unde, praesentium quia nesciunt quae quia vel sed reprehenderit consequuntur eos pariatur voluptatem. Praesentium vel qui cupiditate error qui autem accusantium consequuntur nihil fugit ut dolorem soluta et? Unde deleniti, omnis deserunt magnam architecto ut velit quis debitis et quasi voluptatem ipsam quidem! Ipsam suscipit dignissimos enim sed possimus, iusto nostrum non illo dolorem vel molestiae sit voluptatem. Deserunt est expedita voluptatem est adipisci dolor est mollitia ut omnis et provident necessitatibus voluptatem; incidunt alias voluptate consequatur repudiandae atque sed qui sed incidunt corporis perspiciatis eos facere vel.\r\nVeniam odio quia consectetur dolor nihil voluptates rerum et labore fuga et odit sit ab. Modi rerum aut vel voluptatem cum adipisci sequi, inventore tenetur nostrum sunt enim officiis tenetur. Officiis sint rerum saepe sunt aliquam velit, consequatur fuga quis et voluptatem impedit suscipit alias! Unde consequuntur unde repellendus laboriosam quas maxime qui, sunt tempore error sequi dolorem placeat nihil.\r\nSint dolores voluptatem sed beatae aperiam ducimus enim voluptate pariatur ipsum expedita sit vitae veniam. Est non molestias magni blanditiis sequi omnis maxime quod tempora amet sed est cupiditate sit.', 1),
('71802', 'Research and Development', 'Natus consequatur ut, ipsum reprehenderit aspernatur magnam eligendi aspernatur eius quam magni qui nobis voluptas. Molestias iste cum sit accusantium, assumenda et inventore enim accusamus ut illum fugit velit explicabo. Quasi ullam perspiciatis omnis tempora voluptatem quidem error nesciunt qui fugiat perspiciatis voluptas tempore quo. Cumque perferendis vel animi itaque ex et qui corrupti hic quia ut magni delectus aliquid. Et voluptates dolorem officiis quam incidunt magni, et quaerat laborum eveniet ut fugit voluptas cum; deleniti unde voluptate non enim, in omnis aut pariatur quaerat ut molestiae accusamus unde exercitationem. Natus dolorum, impedit commodi iste consequuntur natus laboriosam rem suscipit quia eos minus a est. Quo dolorem illo molestiae at quisquam tenetur nulla officia sequi quia nulla eveniet consequatur aliquam. Voluptates facere ut, perspiciatis et iste praesentium nulla et aliquid odit in sed sequi culpa. Veniam saepe et voluptas aut corporis optio enim natus et sed voluptatem perspiciatis vel corporis? Sed est eaque adipisci aut repudiandae illum numquam excepturi consectetur ab vitae totam harum nemo.\r\nSed ipsa aut, optio error inventore ut qui ut non et sit commodi et omnis. Minus qui fugiat et sed sit quibusdam iusto asperiores est et aut ut voluptas debitis. Quia minus aut illo qui debitis a iusto vitae qui omnis similique hic numquam reiciendis. Nostrum pariatur quia qui voluptatem in ratione voluptas explicabo recusandae est, consequuntur numquam animi eos. At voluptatem possimus quae laudantium praesentium ut aperiam nisi ex veritatis dignissimos tempora asperiores corrupti. Sunt itaque, quisquam fugit quia at laudantium illum magnam similique dolore voluptate dignissimos natus totam. Est enim qui ut omnis hic quaerat deserunt voluptatum omnis eveniet eaque velit in architecto. Sit vitae enim nihil, aspernatur cupiditate beatae at sed odio veritatis voluptate voluptatem a unde! Neque eaque beatae doloremque facere perferendis quibusdam deleniti voluptas corrupti qui illum est dolor perspiciatis. Minima at fuga est necessitatibus iste aut eos, voluptas dolores sit tempore rerum laborum modi. Ut perspiciatis provident, et minus voluptatem necessitatibus et quae rerum aut eum deserunt accusamus earum. Optio enim qui vel et libero unde perspiciatis omnis quibusdam error rerum fugit error sunt. Eveniet sed nulla, ut enim unde sit ea voluptas dolores et sunt consectetur ab iste? Vel quia id odio eius corrupti et nihil repellendus officia ea at consequatur porro iste. Ut eligendi porro, eos aspernatur temporibus tenetur numquam voluptatem fuga omnis ad voluptas libero sed. Iste eum autem aut laudantium obcaecati praesentium fugit aut cumque animi dolores in aliquid omnis. Ratione placeat aspernatur qui architecto aut quae repudiandae ut necessitatibus placeat ipsa doloremque excepturi quidem. Magni itaque, et sit commodi voluptas similique quae ut nihil dolor quas et sit accusantium!\r\nVoluptatem assumenda inventore omnis possimus magnam aspernatur qui vitae eos rerum consequatur cumque sit dolorem. Cum facilis ab quis excepturi soluta autem quae, voluptates cupiditate sit cumque sit ut commodi. Enim dicta esse expedita aut tenetur nihil impedit quaerat aperiam sunt quia tempora nisi asperiores! Sequi ipsam qui et odit ab aliquam debitis inventore error aut sint quibusdam sit et. Dolor eos quis nihil perspiciatis qui impedit itaque non alias illum aliquam qui voluptatem cumque. Voluptatibus odio atque saepe, quos adipisci excepturi culpa laborum et ut amet omnis autem voluptatum!', 80),
('46790', 'Customer Support', 'Consequatur ratione libero ipsum libero ut, voluptas reiciendis nam officiis necessitatibus sint porro blanditiis et. Temporibus dolore, eos aut odio est libero cum consequuntur veniam aut ut laborum error dicta. Similique sed necessitatibus ipsum ut molestiae est quam praesentium deserunt adipisci facilis natus in voluptatem! Dolore sit sunt aut dignissimos inventore delectus blanditiis aliquam reiciendis voluptate sed doloribus aut ad.\r\nDignissimos qui omnis iusto obcaecati atque pariatur reiciendis sed reprehenderit laborum sit magnam voluptatem consequatur. Quos quia amet magnam quas molestias qui facilis doloribus sapiente voluptatem omnis tenetur consequatur dolorem. Sit perspiciatis obcaecati qui voluptatem ut reprehenderit, neque labore iusto ad et quaerat laborum eligendi! Quasi consequuntur ut vero nisi id voluptatem expedita iste quibusdam laboriosam est beatae quo natus. Aperiam dolores voluptas et aliquam quod, quaerat veritatis tempore consectetur voluptatem ducimus quo rerum voluptatibus. Iusto qui esse eum et unde aut voluptatibus exercitationem harum ut voluptas in ipsa sed. Voluptate obcaecati nulla facere quo fuga ut non ut aspernatur perspiciatis nam amet tempore ducimus? Architecto rem explicabo porro beatae obcaecati dolorem maiores aspernatur quaerat nostrum perspiciatis, sit corrupti sapiente. Enim error suscipit ipsam et quis id ut ullam et sed quidem sit eveniet illo! Odio et ad, dignissimos officiis adipisci cumque unde velit voluptatem quibusdam aliquid magni ab et; qui commodi ullam, alias repellat illo quia porro quas maiores consectetur numquam vero tempore porro. Obcaecati neque qui, officia dolor rerum culpa aliquam ab corrupti in eum unde necessitatibus perferendis.', 148),
('30199', 'Research and Development', 'Ratione consequatur, quis ut non voluptas eveniet ea aut qui accusantium eligendi qui sed rerum. Sapiente non ut ullam temporibus, quis repellat et quisquam suscipit cum quia qui dicta esse. Est quas vel voluptas deserunt numquam omnis rerum nesciunt qui suscipit sed velit natus assumenda? Ut perspiciatis non ut aperiam minima accusamus unde quae natus et ipsam cumque doloribus esse. Dolor illo debitis rem, iste officiis soluta illo aut iusto ipsam et ea est dolor. Autem rem error beatae excepturi voluptatem ut non porro voluptas corrupti quas voluptatum ut odio.', 2),
('96161', 'Information Technology', 'Facilis beatae dolore voluptas fugit, ut et eum aut vel minus sed sint possimus temporibus. Provident perspiciatis, tenetur iste omnis voluptates in dolore delectus sit possimus omnis eveniet est quae. Ratione voluptatum enim similique aliquam alias ut exercitationem consequatur voluptatem et enim iste est et. Id dolorem, sed rerum voluptatem corrupti ex voluptatem consectetur nihil autem aliquam eos sit quo? Minima qui deleniti optio hic, et repellat soluta dolorem aliquam neque error in officiis aliquam. Rem quibusdam ut consectetur sit aspernatur enim itaque omnis nemo earum maxime aut error nisi! Consequatur eaque sed architecto error aliquam veritatis adipisci dolores pariatur temporibus ut autem veritatis odit. Nihil eligendi aut a et aut blanditiis incidunt praesentium iste perferendis reiciendis nulla et deserunt! Et error quidem assumenda quasi nam animi est accusamus non sunt voluptatem perferendis est cupiditate. Tempora totam nam natus odio repellat deserunt sunt cupiditate molestias est illum natus sed nesciunt; magni voluptatem impedit accusantium qui ex vitae qui ut sit tempora est ut natus maiores. Fugiat dignissimos cumque vero quod iste voluptatem voluptatum voluptatem sequi esse sed quo quod eum! Ullam possimus ullam temporibus commodi voluptatem, eos vero reprehenderit in molestias soluta dolores aut perspiciatis. Qui rem sit ipsum voluptatem aut error voluptatem quae dicta voluptate corrupti natus aut incidunt? Est voluptatem, saepe ut rerum et rem iste voluptas eos odit aliquid nihil soluta assumenda. Ut repudiandae nisi corrupti natus ipsum ut voluptatibus omnis iste sit iste fuga ipsa itaque. Voluptatem aut eius eos suscipit et ipsa eos recusandae voluptate qui, ad voluptatem rem qui. Omnis architecto omnis sit qui aperiam alias nesciunt inventore sed cupiditate asperiores qui perspiciatis voluptatem!\r\nConsequatur et modi natus perspiciatis placeat sed dolor explicabo aut officiis id saepe perspiciatis ea. Est consequuntur rem sapiente explicabo eum sed vel enim quod cum consequuntur dignissimos enim nihil. Neque sit est, totam voluptas error ad et quis excepturi quae sit sed odit atque. Est deserunt porro corporis veritatis quo et architecto, labore quod dignissimos dicta natus consectetur eum. Error minus consequatur dolorem ad exercitationem aperiam ut et unde iste pariatur id eos natus! Quos ea quas laborum possimus error magnam omnis iste minima amet et atque rem quas. Tempore sequi expedita natus, itaque natus distinctio officia hic ducimus fuga praesentium aut placeat rem. Asperiores recusandae corporis ipsam eum rerum ut sit cum earum ipsam tempora maxime sed tempore. Error sed dicta, veniam iste est labore nemo voluptatum qui quas esse quaerat quis saepe! Est consequatur, voluptatibus labore illum quia saepe et in ea sit iste provident nisi eligendi. Rem ullam quia placeat quasi aut voluptatem illum ut ullam illo sed dolorum consequatur natus. Quas possimus officia, aut iste voluptas praesentium ea unde sit ea quos velit nulla et.\r\nDoloribus aperiam voluptas id harum laboriosam facere perspiciatis sit quis molestias dolorem ex praesentium laudantium. Voluptatem ratione at aspernatur ut sint voluptate voluptatem non eius voluptatem unde sit inventore quod. Est fugiat et laborum omnis minus et sit omnis numquam sunt doloribus quia nisi necessitatibus! Quia dolores corrupti natus beatae optio libero tempore, voluptas velit inventore ut autem error sit. Velit voluptas et consectetur ad deleniti nam voluptatem, sint voluptatem eos ab ut ex sed. Et doloremque esse et beatae ut ullam labore id blanditiis quia rerum velit ab nulla. Accusantium non culpa quasi nemo commodi et, non debitis quae ea inventore recusandae voluptates in. Consectetur neque maxime doloremque consequuntur voluptatibus sapiente provident deserunt expedita, repudiandae sunt odit libero et. Rem expedita, est vero qui natus dolorem repellendus non molestiae rerum quia quo consectetur temporibus! Et cupiditate ut quia officiis ea cumque neque unde corrupti et eum dolorem et nesciunt; perspiciatis consequuntur labore unde est neque dolores earum qui totam neque, vel voluptas culpa numquam. Veniam qui ut eveniet repellendus nam ratione impedit similique odio est rem qui et maiores. Cupiditate maiores tempore aut ut rerum porro cum fugit est eos id dignissimos minus ipsum? Qui excepturi dignissimos aut perspiciatis sapiente iure ratione nesciunt dolores et dignissimos voluptatibus omnis quidem. Iste vel a odio labore iusto aut quasi ea aut sequi velit dolore delectus dolor. Nemo nisi amet ut natus veritatis eaque ratione culpa error sit delectus sunt repellendus velit! Eum facilis sed inventore numquam qui pariatur, et eos deleniti maiores consequatur atque sit dicta...', 144),
('43675', 'Manufacturing', 'Fugit quia sint qui ex error veritatis et magnam iste et iste exercitationem quia at. Reprehenderit error ipsam ex ut voluptates autem ad veritatis eum aut expedita ipsam dolorem eos! Unde voluptas at error sed amet at ea quia sunt possimus sunt cupiditate non itaque. Aliquam deleniti voluptates, consequatur debitis corporis repudiandae adipisci vel accusantium maiores consequatur corporis voluptas totam. Aperiam aut, sit aut iste modi sint enim quia ut et rem similique tempore similique! Molestias quo sed iusto ut qui reprehenderit porro doloremque est eligendi reiciendis laudantium quo voluptatem. Autem iure vel quasi eum illo quaerat iure voluptatem debitis quia dolores quam molestiae perspiciatis! Doloribus fugiat sint exercitationem error voluptas ut voluptas odit corporis quia incidunt voluptatem ullam ipsum. Tempora perferendis laborum porro ipsa unde voluptatem perspiciatis nisi incidunt eveniet recusandae quis ipsa voluptatem. Non libero, quibusdam reprehenderit et ullam non esse sequi tempora aut adipisci fugit consequatur minima! Aperiam minima repellat unde odio voluptate recusandae necessitatibus unde corporis consequuntur impedit rerum accusantium aut.\r\nNatus ratione aut omnis inventore eaque, est officiis harum sunt ipsam iste molestiae et quia. Qui natus deleniti dolorum reprehenderit et, aut debitis eveniet voluptatibus sed omnis ea sit ea! Consequatur temporibus modi nostrum quidem reiciendis ducimus sed quia sit cum qui voluptas ut error. Dignissimos aliquam nesciunt consequuntur autem expedita eaque quo repellat velit iusto expedita nobis quidem incidunt. Inventore consequatur eum magnam exercitationem laboriosam optio pariatur commodi voluptatum voluptas perspiciatis ut omnis quis! Similique sit porro odit facere, natus aut qui rerum veniam necessitatibus dolores ut perspiciatis beatae. Non incidunt, reiciendis excepturi voluptatem est laudantium aspernatur doloribus sit ab aperiam libero enim animi. Excepturi perspiciatis vero reiciendis reprehenderit qui incidunt est dolorum ipsum similique ut, ipsam repudiandae a. Accusantium consequuntur sunt a ex esse, sint rerum molestias sint dignissimos aut ipsum voluptatem neque? Veniam neque officiis, consequatur dolorem sed velit asperiores molestias ipsam architecto incidunt consequatur neque debitis. Aut excepturi omnis totam laboriosam culpa ad quam neque error qui sequi quaerat minima nesciunt. Qui architecto, rem quia molestiae commodi a sit voluptatem veniam consequatur natus est et repudiandae. Unde nulla nemo, error non cum rem quo nesciunt perspiciatis molestias quae earum suscipit eos! Facere accusantium voluptas veniam exercitationem eum obcaecati ut delectus error et quia officia quam a; adipisci harum omnis, dicta velit rerum ea dicta sit molestias rem nulla accusamus minima facilis. Qui sit explicabo inventore tenetur atque et autem sit labore soluta id molestiae dicta voluptatem; non qui, odit illo perferendis et vel illum voluptatibus et placeat omnis velit atque itaque. Et consectetur pariatur asperiores ullam consequatur veniam rerum deserunt nesciunt quis dolorem eum illo voluptas. Iste sed accusantium sit quasi ducimus sed ad, officia et assumenda deserunt et molestiae in. Cum repudiandae quis consequatur ut illum sed minima quibusdam dolorem inventore eos iste expedita cumque.\r\nMaxime voluptatum eveniet at suscipit, cum tempore ut voluptas similique delectus distinctio vitae minus atque.', 133),
('05134', 'Research and Development', 'Minus recusandae error blanditiis, dolores nihil aspernatur molestias qui ullam dolorem et nemo ad dolorem. Ratione officia numquam sunt ratione hic beatae consequuntur in maxime culpa excepturi ipsum consequuntur porro? Alias ipsam tempora sunt ut pariatur molestias possimus sit sed non consequuntur sit labore libero! Earum ratione voluptas perspiciatis est natus itaque magnam ad voluptatem, qui aspernatur repellat quas cumque. Ut quos ipsa architecto sed eum sed ea minima tenetur sit est provident iste sed! Totam dignissimos odio, tempore aut obcaecati earum dolorem qui expedita voluptas nihil eaque corporis quasi? Mollitia nesciunt velit sit sed unde, incidunt quam tempora sunt sit perspiciatis et voluptas iure. Reprehenderit perspiciatis magni voluptatem autem mollitia minima, corporis natus autem error aut itaque aut illo! Rem odio qui dolor est hic delectus tenetur eligendi inventore quam reprehenderit est voluptatem ut; deserunt dolorum reprehenderit accusantium at quos natus ad harum rerum doloribus dolorum dolorem corporis ratione; aut perspiciatis, natus neque molestiae numquam laudantium odit sit corporis quasi eum ut beatae consequuntur; nostrum id consequatur eum voluptatem ex eveniet optio natus placeat et non nihil repellat suscipit; ducimus eius recusandae excepturi ut vero praesentium et omnis expedita delectus illum deleniti neque sint; est doloremque porro consequatur eaque dicta, voluptatem consequatur nihil a et fugit consequatur quis nostrum. Doloremque molestiae, perferendis labore sit ad vel qui minus ea ut expedita voluptatem ratione ut? Ut repellat tenetur libero ex voluptas tempore velit perspiciatis ea ipsam rerum dolorem quis eum. Suscipit sint enim sit odio ex consequuntur, doloremque quisquam tenetur facilis qui voluptas qui sit. Non animi veniam similique est nesciunt ut perferendis quisquam omnis non ducimus est aut itaque. Est iure consequuntur ut earum voluptatum at voluptates omnis est et laboriosam a quia in. Impedit ipsum sit quaerat perspiciatis sed ad neque voluptatem qui sint enim possimus qui officia.\r\nDolorem atque, eos culpa asperiores sed quisquam eveniet cupiditate aut sed nemo accusantium nihil architecto. Quo ea est, voluptatum voluptatem ut voluptatem harum veniam similique ut quisquam sit nihil voluptas. Expedita in eligendi sed, omnis corporis qui obcaecati mollitia quisquam sed perspiciatis et iure odit. Omnis aspernatur voluptas animi voluptatem facere sit nulla dolorem hic rerum laudantium quaerat et quas? Non et officia omnis qui consequatur eum id iure maiores nostrum molestias modi autem eum. Temporibus animi, excepturi error sed a officiis deserunt nihil voluptate amet deleniti omnis recusandae autem. Laboriosam hic obcaecati dignissimos, quos dolorum aliquam blanditiis necessitatibus distinctio ut enim velit non ipsa. Voluptatem quasi nisi error perferendis ex ea beatae sit sed error quaerat eveniet sit et. Tempora ab omnis est labore molestias ipsum voluptas, laborum deleniti doloremque est ipsum sed aut! Perferendis ab nihil illum illo qui maxime aut et omnis temporibus minima eum dolores modi. Ipsa enim et omnis tempore officiis est expedita ut quaerat qui facilis omnis nesciunt laborum. Blanditiis aut eos est quibusdam molestiae qui, ipsa similique impedit sed cum non fugit maxime! Quibusdam est ea qui eos vero et rerum quaerat dignissimos beatae iste quia molestiae quis. Et tenetur sit accusantium quaerat et, magni aspernatur laboriosam modi id perspiciatis velit repellendus exercitationem. Voluptatem recusandae sit dolor neque a facilis esse, ullam sit eum ut tempore et unde? Voluptatibus ea accusamus qui quis et aut enim non magnam aut non velit omnis iste!\r\nDeserunt voluptatem impedit voluptatem atque magni quia qui debitis ea et enim qui obcaecati adipisci. Et unde velit aut est exercitationem unde voluptate veniam sunt et corrupti ut odio cupiditate; pariatur aperiam enim, ut unde et eos qui recusandae molestias voluptates modi omnis recusandae sunt. Qui vitae, perspiciatis amet odit tempora sit iste in qui recusandae atque ad quas architecto. Ipsum vero error aut, laboriosam nobis qui dolores delectus voluptas sit ullam ut id quaerat! Perspiciatis quas itaque eum adipisci debitis rerum illum ipsa non consequatur illo aut quidem veniam; voluptatem sint rerum dolor voluptas iste voluptas ipsa aliquam est eligendi et laudantium voluptatem doloremque. Pariatur dolore voluptatem ratione ipsum eveniet placeat itaque repudiandae corporis neque et quia sed aut; delectus quia consequatur officia vitae nihil voluptatem praesentium voluptas nisi aspernatur incidunt consectetur officiis quis. Ut nam omnis odio quae et nesciunt aut et quia qui veniam maiores unde adipisci. Dicta consectetur voluptatem perferendis omnis non dolores eius ut doloribus qui aliquam doloremque vel nulla. Voluptates iste rem sed possimus optio consequatur dolorum accusantium labore qui saepe et voluptatem rem! Officiis voluptatum saepe, inventore exercitationem consequatur voluptatibus earum blanditiis vero aliquam quis sed dolorem natus. Ad omnis, delectus voluptatum qui omnis illo minus qui minima ad atque dignissimos quia perspiciatis. Pariatur totam dolore consequatur neque accusantium voluptatibus fugit, illum aliquid qui tempora velit ut necessitatibus.', 150),
('39121', 'Research and Development', 'Laborum earum ut earum dolorem ut rerum distinctio ad quis perspiciatis molestias reprehenderit qui et. Impedit doloribus tempora rerum sapiente natus error mollitia dolorem doloremque et labore nesciunt earum quia. Nisi soluta nisi beatae perspiciatis pariatur consequuntur vel nostrum vel est cum accusantium perferendis assumenda; unde aut mollitia reprehenderit dolore natus rerum natus, doloremque temporibus voluptas sint iste sed quae. Quaerat consequatur magnam delectus, quidem voluptates dolorum commodi quae quos velit voluptatem ducimus aut veniam. Omnis nobis error aut consequuntur eos voluptatem ex optio voluptatibus voluptatem nemo qui est assumenda! Perspiciatis saepe eius illo quos cupiditate sequi quidem voluptatem natus aliquid maiores ab iure ipsam. Et dolores sit sed alias ex enim laborum unde tempora unde neque voluptatum commodi accusamus. Ex aliquam voluptatum qui nam quos quam eius dolorum explicabo quisquam ut architecto illum mollitia. Repudiandae id voluptatem numquam, quisquam eos pariatur voluptatem ut sunt ipsum fuga aut quas quia! Ut accusantium eos dicta laborum, neque quia rerum ut reprehenderit velit beatae quod rem laboriosam. Ut error, rerum et optio omnis sint eos sed enim voluptates qui ea labore inventore. Voluptatum et dolor dolorum nam perspiciatis error vel natus impedit quam esse accusamus id voluptatum. Quia ipsam enim, voluptatem quia voluptatum natus earum voluptatum temporibus tempore doloribus natus ut deleniti! Nostrum minima reiciendis, perferendis debitis unde mollitia quia optio voluptatem rem sit eos illum odit; officiis velit est voluptatem omnis deleniti a quas adipisci iure unde ut sit amet ad. Iste culpa provident aliquam error iste voluptas pariatur nam sit natus eos sapiente eum aperiam! Facere id error, magnam fuga minus vero ut illum voluptas vel sapiente unde non consequatur.\r\nCumque facere sequi facere est praesentium libero, alias sunt ullam architecto quia necessitatibus sunt aut. Necessitatibus blanditiis unde, est omnis consectetur praesentium asperiores ut libero maiores laudantium in unde ea. Voluptatem ullam, animi voluptates et deleniti ducimus perspiciatis in dolores accusamus debitis totam ut animi; reprehenderit dolores, in ipsa error quisquam assumenda laudantium beatae sed quos debitis iste exercitationem quia. Omnis deleniti, harum labore nulla sint possimus quae modi et asperiores mollitia veniam porro soluta. Libero harum veritatis ut natus nam saepe quis iusto atque et saepe eaque numquam quisquam? At accusamus exercitationem aliquam dignissimos voluptatum non veniam porro vero inventore omnis eius temporibus et. Animi numquam nesciunt error quisquam pariatur quia voluptatem quibusdam qui accusantium omnis aut numquam culpa? Vitae et corporis nobis et voluptatem hic voluptas aut explicabo unde nobis sapiente magni quas. Ducimus eligendi voluptas ut error soluta ad sequi et sunt voluptatem ut voluptatem alias provident. Quis deserunt quisquam ratione ab aspernatur sed ratione magni recusandae sint saepe sed delectus quibusdam; veritatis aliquam, quasi illum at cumque et est ut omnis aut impedit odio vitae minus. Voluptatem libero unde sint voluptatem fugiat, perspiciatis necessitatibus ipsum nam omnis pariatur est sunt enim. Porro expedita quam accusantium et consequatur autem dicta, iure et unde enim id perspiciatis aliquid. Sint repudiandae nostrum, veniam consequatur earum vero rerum sit eius commodi nobis facere dolore quia. Expedita voluptas saepe voluptas sed est assumenda qui amet aut iste cum non sequi nisi? Vitae voluptatem nemo vitae aliquam debitis, sint temporibus est architecto aut distinctio ducimus sed ratione!\r\nExcepturi quo voluptas error et voluptatem omnis sint animi ea necessitatibus ex numquam ut et; rerum sit provident harum, rem hic sit aliquam dolorum omnis nemo incidunt non sed ullam. Quis adipisci voluptatem explicabo molestiae rerum aliquid exercitationem accusantium et eos ea natus dolore sed; quisquam ut eos aliquid, commodi quis ea obcaecati facere sit amet eum unde fuga laudantium. Ut et, omnis quae dolorem et officia reprehenderit magni dolores repellat in enim consequatur ipsa! Ipsum eum iste aliquid optio et magni enim omnis aliquid aspernatur deserunt quidem nisi et. Ratione dicta ut eaque quidem dolore nemo laudantium dolores at quasi enim est qui sunt. Veniam et enim dolores sunt voluptatum quisquam aperiam modi rerum minima aut assumenda debitis perferendis! Eos minima ratione nobis, voluptatem quas tenetur laudantium fuga ullam maiores eum officia et explicabo.', 66),
('69493', 'Manufacturing', 'Voluptatem molestiae aliquam fugiat aperiam iure, deserunt fugit adipisci voluptas voluptatem quasi in voluptate qui. Laboriosam similique autem, qui tenetur magni nulla unde omnis eum repellat in non modi et. Voluptatem perspiciatis, perferendis nobis laudantium et ea praesentium facere velit et eos omnis iste omnis. Iste unde enim fugiat perspiciatis eos laudantium ullam harum eligendi eum modi earum qui harum! Quod commodi facilis voluptatem, aut delectus sed eos dolores quasi accusantium ducimus quidem quia at. Sapiente ullam omnis animi suscipit earum perspiciatis ipsa animi excepturi molestiae adipisci vitae maiores vel.\r\nVeniam ipsum voluptatibus hic rerum consequuntur natus eveniet, ut tenetur aut id aliquid animi molestiae. Aperiam similique omnis perspiciatis, temporibus ut vel aliquid fuga facere accusantium nostrum vero eos voluptatem. Autem ut iste ducimus odit sit sed non omnis ut et at autem facere placeat. Quos et eos dolores quisquam voluptas perspiciatis nulla repellat fuga explicabo delectus qui ducimus nihil! Sed odit est dicta accusamus dolorum amet expedita est dolorem sed ipsam unde tenetur iusto. Aliquid magnam non doloremque soluta odit nam repellendus laboriosam ea sequi rerum ullam perspiciatis aliquam! Odio veniam quis animi ea quos illo et rerum sed iure est sit cumque reprehenderit. Dignissimos saepe et ut id nesciunt odit molestiae non est eaque sed quos animi in. Sit eveniet deleniti nobis rerum quos adipisci unde nostrum totam molestiae doloremque sed nesciunt qui! Et dolorum voluptatibus, ab qui ipsum accusantium aut unde blanditiis deleniti qui ex cumque consequatur. Mollitia possimus facilis exercitationem velit perspiciatis impedit perspiciatis est ipsam qui perspiciatis facilis ipsam unde. Consequatur doloribus deserunt voluptatem a velit, et iste veniam unde aut inventore voluptatem velit unde; omnis aspernatur, eligendi sed iste nobis voluptatem laudantium aut sit dicta iste autem consequatur ea. Et iste atque non soluta qui et non laboriosam corrupti nostrum, sint perspiciatis asperiores distinctio! Consectetur sunt voluptatem voluptatum necessitatibus error placeat alias tempora minus ad quia aperiam sequi odio. Error a magnam non voluptatem est sed aut voluptas et quo mollitia omnis dolores incidunt. Odit eum corporis quidem incidunt aut voluptatem enim dolorem et corrupti voluptatem aliquam magni debitis. Enim eos debitis cum repellat laudantium velit rerum dolorem culpa necessitatibus mollitia dolore aut consectetur? Et commodi ullam placeat aut consequuntur consequatur labore quasi sed et voluptatem unde temporibus deleniti.', 68),
('52349', 'Information Technology', 'Praesentium modi ut voluptatem aperiam rerum voluptas qui et obcaecati placeat omnis beatae molestias error. Sit voluptas architecto, voluptatem adipisci in et omnis sunt quia possimus iste omnis aut alias! Exercitationem error vel, qui assumenda iste recusandae similique nisi debitis aperiam enim dignissimos ex sit. Saepe vero, ipsa fugiat sed eius et qui amet ipsum quia at ipsa id blanditiis. Omnis ratione ut, natus qui veniam repellendus aut ut et natus sit fugit quos veniam. Voluptas molestiae quia nihil perspiciatis odio quos vel incidunt error aliquid magnam ut non quaerat. Qui nemo qui, maxime accusantium et omnis sint doloribus dolorem rerum non voluptas quasi omnis! Corrupti voluptates, quisquam iste tempora at molestiae consequuntur et ab eum nihil tempora voluptatum ea. Error tenetur voluptate cumque, eaque velit ut voluptas quo voluptate voluptatem quae enim unde qui! Eos veniam praesentium voluptatibus voluptate et voluptatibus rerum tempore ipsum aliquam incidunt corrupti quae ipsa.\r\nAliquam delectus voluptatem perspiciatis reprehenderit rem architecto debitis et sit unde nihil eum hic natus. Aut saepe qui, suscipit natus recusandae aliquid omnis sunt ut et repellendus accusantium quam sed. Ut natus nam exercitationem et, in nulla est voluptas dolores quisquam architecto molestiae omnis est? Unde voluptatibus maxime vero aliquid excepturi velit rem qui perspiciatis aperiam omnis perspiciatis numquam molestiae; eius natus quia tempore necessitatibus, vel dicta adipisci velit error quisquam sunt nostrum impedit est. Sed et perferendis nulla labore totam voluptatem voluptas fugiat minima non repellat atque culpa aperiam! Magni nesciunt sint, debitis quibusdam et vitae rerum veritatis modi sint repudiandae sit adipisci harum. Libero veritatis et voluptatem tempora omnis ducimus facere deleniti saepe est illo dicta labore et; saepe adipisci eum, sit et inventore est natus quia velit incidunt aperiam est aut magnam. Sit unde voluptatem repellat amet sunt modi et quia itaque voluptatum officiis enim iusto debitis. Explicabo qui et ea dolor cumque explicabo dolorum amet ullam eum voluptatem aut corporis itaque. Harum error sit necessitatibus, perferendis aut voluptatibus sit ut nam rerum tempora eum eos ducimus.', 29),
('35930', 'Information Technology', 'Et reprehenderit a quia voluptatum voluptatem ut est aut nihil laborum dolores consectetur autem laboriosam. Numquam consequatur eius error numquam iste numquam ullam sed voluptatem ipsam vel autem et ut? Voluptatem asperiores ut perspiciatis cumque recusandae error et animi qui quae sit corporis quidem eaque! Amet nihil odit dolore consequatur, officia inventore sequi nemo labore fuga eos ad itaque recusandae. Veniam et modi, veniam ratione libero quidem repellat rerum dicta optio culpa ullam natus velit. Molestiae et ea laboriosam temporibus deserunt eos reiciendis incidunt similique accusantium ut, necessitatibus dolor voluptatem! Molestiae quo quas enim omnis numquam quis nihil et enim ab facilis qui sit earum. Illo voluptatem quaerat voluptas quasi commodi sit quis consectetur ut perspiciatis non explicabo in ut. Repudiandae sapiente ut culpa sunt explicabo natus sed est aut necessitatibus quidem eum, quibusdam id. Et unde sapiente cum sed, at unde corporis rerum delectus asperiores labore ex inventore officiis. Pariatur sequi omnis, aut optio veniam quibusdam minima totam quod explicabo laboriosam deleniti quibusdam necessitatibus; illum error voluptatem error aliquid, ut voluptas aspernatur necessitatibus aut recusandae vero omnis quaerat ut. Porro reiciendis ipsum alias ut aut nostrum amet ut enim nulla fugiat cum quod est. Ullam nam maiores magnam enim, tempora sunt ipsum voluptatem omnis earum eos molestiae fugiat accusantium. Assumenda sed ut voluptatem perspiciatis molestiae ut vel beatae non tempora maiores ut inventore aliquid.', 131),
('43325', 'Operations', 'Enim suscipit necessitatibus debitis vero doloribus molestiae tempora quia et optio natus voluptas porro qui. Aut sint incidunt dolores magni quam nostrum error qui provident dolores sunt perspiciatis cupiditate incidunt. Officiis modi obcaecati, recusandae quibusdam corporis aspernatur aut distinctio ab doloremque molestias expedita et libero. Laudantium voluptas ex illum enim et, omnis natus ipsa ab officiis nemo consequatur eum dicta. Magnam et ut soluta sit sed sapiente dolorum natus nihil perspiciatis omnis aperiam et consequatur! Labore facere ab laudantium culpa doloremque sed quia eveniet ut repellendus fuga sed qui unde. Dolores explicabo omnis nemo aspernatur dolorum ratione aut quia voluptatem voluptas dolor aut vel qui.\r\nExcepturi consequatur eligendi, enim dolor officia qui ut rerum vero ipsum sit ut repellat quia. Fugiat eum sed, error ipsam consectetur maiores et provident tempore saepe sapiente fugit ea sit; ut eum voluptatem reprehenderit harum debitis, deleniti pariatur est sed dignissimos esse aut quasi eius? Exercitationem distinctio laboriosam unde ipsam est officiis qui iusto nesciunt, nihil laborum at dicta nesciunt; corrupti facere sunt fugiat nostrum eius magni unde ut eaque consequuntur nesciunt autem est eaque; optio explicabo itaque nobis eos nulla possimus error similique, dolor voluptatem impedit assumenda quia quos. Voluptate necessitatibus veritatis tempora quaerat, distinctio quisquam cumque distinctio quas dolores dignissimos enim perspiciatis ut. Voluptas qui perspiciatis qui voluptatem labore vitae qui consectetur doloremque necessitatibus omnis quam sed nihil? Ut facere omnis rerum ut, ipsa adipisci autem non blanditiis atque quia facere sunt accusamus!\r\nDeleniti distinctio numquam, illum minima modi voluptatem omnis sint voluptatem quidem et laudantium labore eligendi; iste doloribus odit eaque porro suscipit a quam aut et cupiditate voluptas veniam et sint. Doloribus consequatur cumque odio id et explicabo dolor voluptatem id dolorum laborum facilis unde et. Debitis accusantium est voluptatem tempore eius suscipit reprehenderit et ipsum voluptatem ipsum ut qui ut; ducimus reprehenderit dolor qui quas voluptatem ratione enim qui quas quis voluptas quia rerum vero; omnis odit dicta sed dolore, doloribus accusamus totam obcaecati dignissimos sit velit est adipisci sed. Necessitatibus perferendis placeat dolore id quae ut quam error, omnis error et esse ut voluptatem! Tempora sint iste unde quae consequatur quasi nobis nesciunt beatae sit, est veritatis soluta sit; enim dolorum, ipsam soluta id aut perspiciatis delectus quis quod voluptatibus voluptatem eum dolor iure...', 117),
('35066', 'Operations', NULL, 137),
('22845', 'Finance', 'Qui deleniti voluptas eos voluptatem laborum eos obcaecati modi maiores in qui vero ipsum corporis. Et qui et qui dolores eum labore voluptatem natus voluptatem rerum nesciunt et suscipit qui; quas id veniam eligendi facere minus et omnis earum delectus non quos in voluptatum molestiae. Error eos ea sunt qui aut, hic nesciunt voluptatem modi velit hic ut voluptatem sit. Debitis fugit, alias repellat expedita assumenda error iure sit iure et error vel voluptatem eos; hic aut error maxime quod repudiandae et excepturi natus qui quia cumque fuga necessitatibus sit; nobis unde expedita doloremque earum repellat et qui reiciendis qui iste temporibus quidem est unde. Eos in excepturi facilis magnam nam suscipit explicabo molestiae accusamus consectetur voluptatem est cupiditate qui. Magni blanditiis, possimus atque eligendi officiis accusamus molestiae enim incidunt consequatur eaque et sit expedita; nobis amet, laboriosam quo sapiente aut et autem magnam fugit consectetur delectus reprehenderit in magni...\r\nId et tempora nulla dicta quibusdam ut aut est illum unde repudiandae fugit ut eius. Similique vel nostrum natus, labore ut et quia voluptatem ut temporibus maiores ipsam sunt eligendi. Aspernatur officia repudiandae, nihil mollitia accusantium asperiores quo voluptas possimus id mollitia soluta animi consectetur. Fuga commodi error atque beatae nostrum in illum ea ipsum fugiat non ea perspiciatis nihil. Quasi nemo dolor voluptatem nisi distinctio, voluptas dolorem id nam perspiciatis nihil iste aut corporis. Sit excepturi, repudiandae ut quae sed sunt odit omnis impedit deserunt aperiam ut quis consectetur. Deserunt explicabo dolor et sunt commodi fuga maiores voluptate repudiandae cum quo deleniti consequuntur pariatur. Modi doloremque fuga, reprehenderit atque facilis sed minus nostrum ratione perferendis quaerat ut ratione soluta. Perspiciatis ea culpa fugit tenetur qui ut error natus sunt molestiae ipsam quam quia voluptatem? Cupiditate quae et, vero quibusdam cupiditate minima sunt sit ullam natus velit omnis ut veritatis. Numquam laboriosam animi maxime debitis, sit labore minus consectetur enim sit itaque omnis facere voluptas! Suscipit et aut odit, in eum et eum nisi at quo possimus ut quos odit. Nemo qui doloribus tempora, omnis rem nostrum sit quam sit perferendis amet rerum numquam nisi. Error consequatur voluptas, cum eius ullam ut eius et asperiores molestiae repellat voluptate et quae. In rerum libero suscipit sit fuga asperiores esse voluptas dolorum qui unde reiciendis ipsam voluptatem...', 131),
('67808', 'Information Technology', 'Hic excepturi similique maiores quaerat blanditiis nobis possimus inventore est hic aut eveniet aut ullam. Est omnis aperiam, sit soluta perspiciatis omnis facilis qui eveniet esse magni et atque perspiciatis. Dolor nesciunt cum est commodi ut ad ut officiis minus et iste, qui nisi sit? Dolor obcaecati, quo est qui rerum consectetur molestiae sed quibusdam corporis dignissimos ab voluptatem ad! Dolores blanditiis et quae, consequuntur ut autem eaque reprehenderit facere doloremque omnis excepturi ut id. Fugiat autem consequuntur est ut hic praesentium unde laborum odio saepe cumque iste quis fugit. Voluptatem natus magnam, suscipit culpa iure ut voluptatem maiores fugiat vitae sapiente omnis tempora id? Quidem officiis fugit laudantium quae in facilis incidunt excepturi ducimus hic culpa animi odit sit. Quia doloribus voluptatem explicabo, et aperiam nemo sit minus necessitatibus voluptas ipsam sed quidem inventore. Sed accusantium, libero omnis unde voluptas enim sit voluptatem ut porro consequatur debitis non dignissimos; est quia expedita consectetur vel qui autem delectus culpa eius quidem illo nisi veritatis aut? Eaque et nisi consequatur molestias aut iste ratione non dignissimos eum voluptatem, perspiciatis autem sint! Reprehenderit blanditiis eius a molestias nemo dicta voluptas repellat voluptatem beatae perspiciatis sit veritatis quis. Odio sapiente veritatis deleniti itaque quia ea sint officiis velit non voluptatem incidunt a optio. Aliquid iste sunt laborum voluptatem doloremque quo minus et tempore ullam error magnam quas qui.', 50),
('14056', 'Sales', 'Impedit aut laboriosam et quo vero architecto odio recusandae eos eius recusandae laboriosam esse repellat. Laudantium inventore aut, iste enim qui similique delectus velit cum ex laudantium nostrum quia commodi. Eum aliquam et voluptatem in quis vitae necessitatibus autem facere, modi fuga sed voluptatibus architecto. Consequatur autem nulla, et aut voluptatem repudiandae ut et quia animi eos cumque aliquid iste. Temporibus rerum sed, beatae in aut ut sit obcaecati omnis aspernatur enim perspiciatis ipsam sapiente.\r\nConsectetur ut enim quia expedita ut quibusdam qui deleniti quibusdam quis qui velit dolorem corporis; illum ut dolores error, voluptatem sed voluptatem consectetur et facilis et debitis vitae ad voluptas. Et optio voluptatem consequatur quae ab omnis magnam impedit consequatur perferendis sequi non error ipsum; eos velit ut, dolorem quia est deserunt esse officiis voluptatum veritatis et non dolorem laudantium. Quaerat culpa repellendus debitis esse fugiat libero provident labore omnis iste perferendis hic repellat officiis. Dolorum vel molestias quasi sed delectus deleniti quos tempore temporibus sit officiis aspernatur, velit facere; perspiciatis eum dolores, non enim repellendus enim autem repellendus nostrum vitae non iste perspiciatis atque. Aut delectus explicabo sit quisquam dolore sequi cumque sit error reiciendis beatae molestiae iusto ullam. Earum quaerat ducimus nostrum ut quisquam voluptatum aut voluptatem perspiciatis sed aliquid eaque voluptas minima. Accusamus ipsam quis sit in voluptatem, sed delectus quia non deserunt blanditiis omnis officiis laborum. Tempora et sed explicabo officiis laudantium aut recusandae maxime cupiditate sed nihil et ipsam ab? Et fugiat rerum unde autem nulla debitis soluta aut quia earum itaque ut nihil aut! Omnis sunt voluptas placeat beatae commodi ad voluptatem sed maxime corrupti eum repellendus facere vero. Aut asperiores aut rem in aut facilis fugit, rerum sit minima vel sunt quis enim.\r\nVitae animi dolorum eveniet pariatur veniam voluptatem quibusdam dolorem quisquam nemo nostrum perspiciatis dolores a. Officiis eum amet non iusto doloribus quisquam numquam error id non quia aspernatur sunt eos! Ut cumque ut iste tempora nisi debitis magni voluptatum earum repellat qui quisquam ea harum. Culpa et perspiciatis ut perferendis obcaecati libero omnis in unde eum sit illum et perspiciatis. Voluptatem dolores nisi qui, consequatur consequuntur officiis nisi quia perferendis beatae illum ut culpa harum! Quas et, inventore tempore reprehenderit consequuntur sint error et aut itaque sed omnis obcaecati sit. Et rerum culpa sunt a enim perspiciatis laborum aliquam rerum ut sit fugiat unde deleniti.', 114),
('48859', 'Executive', 'Cumque magni, quam et perspiciatis vel aut dolorem id corrupti ut cumque in et est. Cum voluptatem et dolor illum labore at suscipit adipisci quia quod dolores qui voluptatum ipsam? Omnis dolor qui quas fuga sed est odio qui dolorem corrupti quo eius similique voluptatem; nihil ullam officia perspiciatis similique deserunt qui voluptas esse placeat ducimus doloremque, nulla expedita ex. Et error non ut quam neque fuga et repellendus explicabo sit facere iure et blanditiis. Voluptas sed blanditiis repellendus et rem natus ut et numquam officiis exercitationem est eaque qui; vero ut, aut dolores qui omnis eveniet beatae perferendis est maxime sequi porro perspiciatis non. Tempora provident esse necessitatibus minus voluptatem qui consequuntur ut, nam inventore quae dignissimos ipsam excepturi; vero velit minima ut distinctio qui molestiae natus accusamus et animi unde corrupti natus blanditiis. Eaque reprehenderit facere hic obcaecati eligendi, nam ut repellendus voluptatibus dolor voluptatem ullam quaerat voluptates! Dicta quo voluptas sed et repudiandae laudantium alias aut, consectetur deserunt accusantium molestiae possimus cum. Et optio nam amet magnam quae, molestiae iure beatae ut voluptatem vel perferendis molestias alias? Aut pariatur et, inventore porro quod et corrupti quam aliquid modi sequi unde distinctio odit. Culpa deleniti maxime ad rerum labore quibusdam et cupiditate quis tempore voluptatem maiores deserunt eveniet.\r\nUt sapiente mollitia magnam alias voluptas magnam voluptate temporibus quis vitae nobis modi nesciunt nobis...\r\nConsequatur aperiam consequatur voluptatem minima quia, sunt sint aspernatur et unde nostrum porro voluptatem similique. Vitae illo quam praesentium rerum voluptatem cumque quos quod dolor voluptatem dolore nulla aliquid natus. Laudantium quia enim ut porro perspiciatis adipisci asperiores itaque et iste perspiciatis assumenda facilis in? Unde debitis qui fugiat dolorem et omnis, nam quod sed aut laudantium doloremque voluptatibus laboriosam. Animi quisquam et voluptatem qui dolores laborum et labore aspernatur modi adipisci amet sed amet. Illum mollitia aut dicta, quo quis laudantium dicta libero soluta suscipit repellendus voluptatem animi fugiat? Dolorum nostrum reprehenderit, ipsum velit consequatur voluptatem vitae mollitia odit aliquid quia dolorem quia itaque! Excepturi est illum qui veritatis perspiciatis veniam distinctio totam corrupti omnis laboriosam et earum ab. Nemo et in unde, adipisci omnis ut sint explicabo et distinctio nostrum at culpa voluptatem! Illo iste hic ut et modi eveniet vero et voluptates, praesentium libero minima error natus.', 33),
('32786', 'Consulting', 'Ut dolorum temporibus reiciendis est voluptatem sed aut unde eos velit alias quia nesciunt voluptatem. Ea natus, assumenda error libero qui ut possimus consequatur fuga ducimus dolores maxime quos sed! Delectus et accusantium adipisci modi dolorem optio sit cumque perspiciatis rerum voluptas eius vel voluptatem. Aliquid perferendis consequuntur officiis facilis illum autem tempore beatae explicabo perspiciatis saepe minus corrupti facilis! Pariatur deleniti et unde quo illum autem ab non aperiam iusto qui enim itaque ut. Voluptatem aspernatur fuga repudiandae est officia dolorem dolores aut maiores possimus culpa dolorum placeat quod? Nihil veniam et sed repudiandae eum repudiandae rerum est eum recusandae et vel error omnis. Possimus delectus deserunt voluptatem nisi, inventore fugiat nemo velit ut omnis sed praesentium natus sed. Quibusdam quis voluptatem exercitationem doloribus ea voluptas est sint molestiae quaerat omnis error quas quod.\r\nAut consequuntur ipsa nulla corrupti itaque dignissimos iste suscipit magni ut libero nihil perspiciatis enim. Unde aliquam, dolores nemo error consequatur magnam qui aut voluptatem odio dignissimos molestiae dignissimos ea. Quia dicta architecto omnis ea neque est ea consectetur sequi qui sit odio labore cupiditate; nobis quod nemo voluptatem illo voluptatibus ut adipisci dolores et est sed id ex nemo. Animi dolorem consequatur optio voluptatem aperiam et ut molestiae consequatur officiis ut eum sed possimus. Et deleniti fuga aperiam quis fuga recusandae omnis et ut est ipsam obcaecati eum dolor. Sed laboriosam sunt ipsam modi voluptatem eligendi unde ut voluptatem facilis natus quibusdam dicta perspiciatis! Tempore eos rem ad vitae modi voluptatem, necessitatibus qui dolores earum repudiandae sint consequatur sit. Delectus suscipit sit ab voluptas corrupti recusandae architecto vel aspernatur unde dolorem perspiciatis id sit. Enim error et recusandae explicabo voluptas modi exercitationem nobis error exercitationem laudantium perspiciatis aut veritatis. Sunt suscipit natus, et laboriosam ullam sed quae est porro voluptatem laborum sed culpa temporibus. Et nesciunt omnis ut debitis qui enim et recusandae necessitatibus est molestiae repellendus dolorem officiis? Error voluptas cumque eaque corrupti sit fugit qui distinctio aut ut expedita suscipit ab sunt. Ea quisquam illo fugit earum animi magnam quasi at quibusdam qui error sed, aperiam doloribus. Non est, soluta aliquam velit eum error illo doloribus natus sunt ea minima repudiandae ullam. Velit maxime suscipit esse et nostrum, et beatae enim deleniti praesentium eos officia magni iusto. Accusamus vero suscipit consequuntur voluptas quia animi dignissimos mollitia quia voluptatem necessitatibus unde laboriosam sed.\r\nIste libero quam, non rerum ex optio est quia deleniti accusamus ea repudiandae unde voluptatem. Ducimus et nihil eum quibusdam deserunt omnis expedita exercitationem soluta nesciunt quisquam consequatur quia natus? Suscipit sit autem iure sequi aut ipsum quidem labore quos ab velit quia ex vel. Aliquam error id, illum omnis ut necessitatibus voluptate corporis perferendis porro distinctio iste et voluptatem! Libero aliquam est consectetur nesciunt est eveniet fugit saepe aut nam nihil ea sequi unde.', 8),
('47383', 'Customer Support', 'Mollitia accusantium, dolor natus sit eum porro vitae fuga beatae nobis itaque earum consectetur eaque. Velit error beatae quia quos quaerat sint est ut excepturi quia facere amet ratione impedit. Et rem sit sunt et voluptas sed assumenda fuga quisquam doloribus ipsam qui atque sunt? Est qui et vero quis omnis qui eos qui sit molestias iusto omnis aut in. Rerum hic illo vel doloremque ea sit perspiciatis dolores iste sit qui nesciunt voluptate omnis? Est laboriosam quisquam non sunt nihil dolores id beatae quis eos quidem autem aut amet! Sed iste aliquam ad eum cumque enim praesentium qui perferendis nam, obcaecati natus voluptatum facilis. Natus eos et voluptatem voluptatibus doloribus quas aut perferendis dolorem aut iste assumenda aut commodi. Ratione reiciendis et eos et unde eum similique dolores excepturi eos ex autem modi nostrum; autem assumenda qui aliquid in voluptatum neque tenetur nostrum quas architecto aut officia dolorem commodi. Aspernatur eum quas iste aut et culpa, ipsam iusto beatae et quos atque ab pariatur. Consectetur nulla et sit architecto aut sit excepturi, asperiores laudantium dolore dolorem natus praesentium quis! Voluptatem vel voluptates animi autem aspernatur esse odit quisquam omnis expedita quia ad quisquam ratione; explicabo eum praesentium ad blanditiis praesentium blanditiis incidunt accusantium praesentium architecto sunt temporibus quia culpa.', 105),
('00071', 'Research and Development', 'Quibusdam sit doloremque qui et suscipit ipsa aut blanditiis ratione delectus suscipit eveniet velit nulla. Dolores at sit aut quo in voluptas natus pariatur et temporibus quod sequi totam provident; vel minima exercitationem molestiae incidunt esse itaque iste consectetur iure fuga voluptatem exercitationem voluptas maiores? Et similique inventore ipsum necessitatibus magni repellendus accusamus enim fugit optio dolor laboriosam enim repellendus!\r\nEx voluptas quibusdam sint natus dicta ullam unde sequi vel veniam sint voluptatem nihil dolorem. Nobis molestiae accusantium reiciendis quia enim molestiae doloremque sunt officia aliquid aut quia porro omnis? Non aperiam maxime ut voluptatibus nihil ut a quas dicta recusandae qui similique doloremque hic! Aut harum dolore in corporis error cumque aspernatur, tempore ratione provident veniam velit et sit. Repudiandae obcaecati ut laudantium consequatur eligendi laborum placeat, beatae facere adipisci et temporibus nobis et! Non similique ab voluptas in sed consequatur minima sit, iure dolores quia nihil facilis excepturi? Aliquam et nesciunt velit numquam vero adipisci odit tenetur blanditiis aut quaerat maxime veniam illum. Excepturi illo sit atque minus qui voluptate obcaecati eligendi repudiandae et assumenda nulla ipsa natus; incidunt sunt voluptatem aperiam ut exercitationem numquam libero fugiat qui ea, unde quo ipsa velit. Aut deserunt nulla delectus doloribus aut et veniam alias et est sit incidunt deserunt sint. Optio voluptatem vitae corporis deserunt non ut aut architecto inventore libero est nulla quia laudantium? Et ut, voluptatem quia illo sapiente nemo ut quisquam quae molestias alias hic voluptas doloribus. Ut voluptatem rerum numquam nisi soluta labore iusto est sed ut natus necessitatibus doloremque facilis. Sit qui omnis labore ea quia repudiandae necessitatibus iure tempora in et numquam molestias perferendis; recusandae maxime consequuntur qui expedita eligendi, unde deserunt saepe nihil qui sint perferendis eum eligendi. Nemo voluptatem, quia nemo consequuntur est saepe iste qui necessitatibus blanditiis perspiciatis laudantium ipsum amet. Sunt numquam id reprehenderit omnis quis iste repudiandae, numquam sed est similique facere commodi ipsa; aut qui harum sit consectetur cupiditate sit unde nobis necessitatibus facilis laboriosam dolor voluptatum soluta. Cumque sunt ipsa voluptas sed minus est, fugit dignissimos iure omnis et fugit aut assumenda. Et minima sunt eum dolor voluptas dolores rem laudantium ipsam facere id nesciunt ab nihil.\r\nQuia facere iste ut dolorum consequuntur est quia corporis ullam sed natus aperiam nostrum ex. Aut dolores quia aliquam omnis temporibus ad quae impedit soluta unde sit deserunt eaque mollitia. Sed doloremque omnis itaque eligendi unde totam beatae sunt sed laudantium amet ut possimus et! Minus velit iusto corporis magnam sed quo culpa nostrum ducimus eaque rerum autem iste cum. Sint totam ex voluptas facere minima omnis nam repellendus deleniti aut nihil ut, magni nihil; atque error corrupti non nesciunt accusamus dolorum architecto numquam eligendi praesentium perferendis beatae sit et? Et deserunt dolorem, quasi cum voluptatem expedita iste minus error mollitia dolorem aliquid inventore iusto. Sed reprehenderit eligendi, dolore qui hic porro sed sit magni voluptatum iste minima at velit. Tempora unde laudantium, sit rerum ut necessitatibus dolores nostrum sed asperiores aliquam reprehenderit sed quia; tempora ipsum ipsa aut consequatur sint cum molestiae saepe doloremque ipsum ipsam accusantium culpa iste. Et ut unde ab magni neque a beatae aut ea autem illum impedit culpa dolor. Magnam ipsum quas eum quia sequi asperiores quod quas omnis sed ea natus perferendis et. Dolores dolorem exercitationem, excepturi sed vel unde vel velit explicabo aut enim labore saepe quo. Repudiandae repellendus maxime quaerat perspiciatis maiores libero perferendis ut exercitationem voluptas eaque soluta molestias eligendi. Sit recusandae hic iure eum et enim explicabo ut quas et aut dolores nam enim. Molestiae vel, autem perferendis deserunt cumque nobis quia necessitatibus consequatur quia veritatis sed aut vero. Non incidunt, consequatur praesentium molestiae laboriosam eius iste saepe voluptatem facilis doloribus enim qui voluptatem! Qui sed dolore provident fugit dolor, maxime omnis dolore consequatur provident ut quia quas qui.', 37),
('80179', 'Human Resources', 'Asperiores ullam ut libero eius ut voluptatem culpa omnis commodi asperiores consequatur nulla error sit. Iste magnam et hic accusantium nostrum unde, facere repellendus impedit in ducimus nihil et rerum. Dolores et in temporibus voluptatem voluptates optio debitis voluptas autem dolores non iste consequatur dolorum; enim aliquid corrupti autem, et ut dolorem ut et voluptatem atque minima nam iure numquam. Quisquam hic eos deleniti impedit quibusdam error maiores ut, aut esse debitis veniam minima suscipit. Sed fugit omnis, ipsum architecto nostrum aut voluptates voluptatem et illo voluptatum iusto odio incidunt. Ut voluptates ut repellendus nisi ullam error voluptates aspernatur ut unde consequatur dolorem unde ipsa; error voluptatem doloribus autem, id totam natus ut aliquid voluptatem delectus natus id est vero. Et asperiores cumque nemo vel consectetur voluptas at repudiandae sit maiores, eius dolore hic sed; expedita ipsum architecto consectetur qui ut neque voluptas beatae dolore modi debitis sit nam ut. Et doloremque optio velit sit dolor rem quo aut deserunt nulla magnam ullam beatae et! Quae perspiciatis unde sequi error, magnam quis libero nisi sint iure quam blanditiis eveniet aut. Ut omnis perspiciatis rerum non quis omnis et omnis sed est reiciendis dicta enim libero. Nobis temporibus aspernatur rerum reiciendis, quia ab enim laboriosam voluptas corporis perspiciatis temporibus non sequi. Ut quos aliquid rem cumque eius dolores nemo commodi natus sequi quia reprehenderit sunt minima. Consequatur sit error magnam nam consequatur in ipsam non consequatur ex voluptates magnam eum veritatis. Perspiciatis odit deserunt reprehenderit natus dolor eligendi iusto ut veritatis sed sequi nihil qui animi.', 14),
('27868', 'Information Technology', 'Quis soluta provident inventore ipsum praesentium error eum eius iste deleniti repudiandae expedita quis maiores; ut ducimus aut sint perspiciatis, accusamus unde alias consectetur sit quia dolorem dolor ea ab. Magni debitis ut qui tempora nihil voluptatem sint qui at et adipisci quibusdam animi perspiciatis. Corporis officia et vitae voluptate aut omnis totam ut nesciunt nostrum consequatur sed tempora aut. Et ratione enim corporis voluptatem nostrum natus unde dolores quia voluptatem ducimus dolores dolorum obcaecati. Fuga sed a, dolorum vitae omnis expedita ea harum nemo commodi fugiat sit asperiores omnis. Aut vel eos facere ut harum tenetur, perspiciatis dolore sapiente perspiciatis quaerat nisi perferendis omnis; saepe sapiente voluptatem expedita quia sit perspiciatis sunt consequuntur nisi quo blanditiis quos aut possimus.', 58),
('76337', 'Information Technology', 'Voluptatem earum, voluptatibus eos iusto sed laudantium et quaerat est laborum et aut ullam et. Et ut, rerum quibusdam molestiae blanditiis fugiat ut sit iusto consequuntur culpa error sit sed; eveniet perspiciatis voluptatem est provident dolorem ut pariatur eos praesentium dolor dolores et iure perspiciatis. Quia incidunt et omnis, vero natus debitis vero excepturi voluptatem ut tempora sit aliquam enim. Tenetur sed facere aut unde, quia soluta culpa corporis et dignissimos aliquam veritatis odit quis. Amet dolore maxime unde illo eum fugit dolor nisi velit omnis quos dolorum sed sunt. Omnis natus sit cupiditate laborum quos et nobis voluptas voluptates natus consequatur sed voluptatem dolores. Ratione voluptatem error similique cupiditate dolores qui minima id, dolor iusto provident qui reiciendis autem! Omnis rerum corporis ipsa voluptatem qui ab quaerat tenetur sit aut autem impedit aliquid et. Veniam voluptas, dolores eum accusantium deserunt sed dolores enim unde qui libero qui odit sapiente. Qui assumenda, qui nostrum itaque reprehenderit ipsam rerum quam quasi accusantium cum natus pariatur perferendis! Vel quasi ut laboriosam veritatis inventore aut hic eos quasi, recusandae in consequatur esse et. Voluptatem incidunt odit voluptatem rerum, aut et illo et beatae voluptas temporibus omnis quos sit; beatae voluptatem quasi porro sint ut aliquid voluptate delectus magnam ut est voluptatem voluptate neque. Vel autem voluptatibus unde numquam error animi corrupti et voluptas ut et voluptatem error voluptate. Aut incidunt qui, accusantium animi neque harum labore quis voluptatum eos quas ut magni est. Neque expedita velit, dolorum quam et consequatur nisi quia minima ut repudiandae vitae et aliquam! Quia qui non minima, ipsum qui sit culpa dolores fugiat id quasi quia et eaque.', 89),
('06604', 'Marketing', 'Iste exercitationem aspernatur ducimus sint architecto maxime natus ut ea aut quisquam quaerat qui quia. Provident error, asperiores distinctio fuga dolorum qui blanditiis sed praesentium sed adipisci nesciunt adipisci sit. Est autem adipisci vel omnis quis quasi non vel qui cupiditate accusantium dolor et sapiente. Qui expedita rerum et consequuntur vitae aut, corrupti asperiores eaque praesentium obcaecati quidem deleniti aut. Beatae culpa, tenetur quo et velit error consectetur fuga eum unde ex totam voluptatem accusamus! Facilis vitae fugiat, nihil aspernatur magni fugit error odio esse eius consequatur ut sit rerum.', 89),
('63249', 'Customer Support', 'Architecto eaque omnis natus fugiat qui ea aperiam nulla totam non voluptatem obcaecati voluptates voluptatem. Veniam inventore asperiores veniam aliquid ab aspernatur autem iste cum ad rerum voluptatem molestias quasi; distinctio hic eos, qui doloribus unde eveniet inventore debitis aut voluptatem quis optio odit expedita? Commodi accusantium minima enim laudantium quod excepturi odit velit illo qui consequatur a quidem sed. Expedita porro tempora perspiciatis accusantium dolor ut eum aliquid necessitatibus voluptate mollitia molestiae non repellat; nemo et sit sed ut deserunt at consectetur commodi cupiditate officia porro maxime sequi ab. Labore consequatur est, voluptatem officia non ut porro molestiae est voluptas explicabo accusantium id adipisci. Ut doloremque voluptatibus quia doloremque qui repellat obcaecati architecto quibusdam in molestias nostrum iste velit. Voluptatibus sed delectus omnis non atque harum, nihil ducimus odio praesentium maxime quam quis provident! Perferendis earum maiores perspiciatis ullam, laboriosam nobis in eos voluptas aut iusto quibusdam vel iste. Dolore tempore, quasi iure qui et molestiae voluptatem reiciendis molestiae obcaecati accusamus laudantium doloremque consequatur. Pariatur esse explicabo, et odio unde error eos officia nemo iste reiciendis illum at ipsum; quia dolor et voluptatem sit porro labore quia totam eius ullam quia, ut reprehenderit molestias. Qui quaerat eius eveniet dolore quis magnam expedita voluptatem quaerat in ratione consequuntur saepe aut...\r\nIllum inventore molestiae sit eum nihil autem aspernatur rerum nostrum ea iusto voluptatem corrupti laborum. Sed et dolor maiores illo omnis aut dignissimos perspiciatis omnis soluta excepturi qui velit sit. Reprehenderit maxime mollitia, ut et neque fuga nihil harum dolorum labore sint nemo ex et.', 107),
('45399', 'Executive', 'Eos sint ex ut non in aut alias minus cupiditate ut harum a aut sed. Aut facilis blanditiis sint non assumenda neque error, ut eos corporis sed unde eius qui; aut quae, voluptatum non dolorem nesciunt dolores architecto officiis in sit distinctio magni distinctio magni? Perspiciatis iure impedit, facilis dolorem ad eum aperiam ut aliquid a voluptatem natus perspiciatis temporibus. Laudantium sed quia aut ut excepturi est maiores expedita quis voluptatem quaerat error maxime non. Aut omnis blanditiis fugit hic ut eum ea voluptatem nam eveniet voluptatem perspiciatis aut qui!\r\nPerspiciatis dolor eius est eaque debitis natus unde aliquam atque architecto rem beatae aut accusamus. Quibusdam eos explicabo omnis quo sed quos dolorem deserunt voluptas cupiditate, omnis sit rem odit! Nihil doloremque non voluptatem, qui at voluptates ut aut sint dolorem officiis consectetur qui ut. Molestias voluptatem fugit voluptatem temporibus odio architecto et voluptatum voluptatem atque culpa delectus quaerat et. Magni earum et eius modi dolores quae unde in iste tempora architecto voluptate harum necessitatibus. Et tenetur enim unde, sit enim soluta reprehenderit qui omnis autem saepe aut ut nulla. Nemo reiciendis perferendis eligendi rerum iusto, nisi corporis sapiente natus voluptas quia fuga nisi at. Est assumenda soluta voluptate est qui, quia officia et neque ex architecto incidunt sit aut. Iure consequatur perferendis omnis eaque a sint laboriosam rerum voluptatibus officia reprehenderit eos a vitae; ducimus omnis cum perspiciatis dignissimos minus officia voluptatem quam et voluptatem ut dolore sit et. Nostrum molestiae natus aliquid perferendis laudantium deserunt sed consequatur qui animi beatae debitis est voluptate! Aspernatur dolores laudantium voluptate ut dolores et dignissimos omnis unde sint quia, recusandae itaque corporis. Quod quis sequi autem repellat omnis et nesciunt dicta ut, ea ipsa sit quia mollitia; unde nihil quidem cum, aut ipsum possimus obcaecati inventore corporis repellendus fugit qui dignissimos qui. Consequatur sint ut praesentium et, sed et id aliquid porro molestias ut asperiores dicta doloremque! Ab quos recusandae unde a sed alias quibusdam repellendus ut corporis vitae perspiciatis inventore ut.\r\nNihil distinctio impedit dolore et ut quae fugit aliquam quo id veniam dolorum voluptatem quia. Voluptatem perspiciatis ut, deleniti aut sit unde laudantium unde voluptas voluptatem accusamus natus ut aliquam. Doloribus iusto possimus sit et excepturi dignissimos ea distinctio qui debitis est ad sed dolore. Omnis possimus, perspiciatis et rerum non voluptatem natus minus id laudantium omnis quod magni sed. Nesciunt sequi, et eius similique natus corporis ad natus accusantium doloremque aut voluptatem sit natus. Quia in numquam, saepe officiis doloremque esse iste consequuntur natus repellendus natus inventore doloremque quisquam! Dolores eum nemo ducimus vero culpa quae natus, aut molestias repudiandae dignissimos veritatis quo dolorum? Nam id eum cum qui consectetur nulla aut eum consectetur quidem quisquam rem atque earum. Itaque in voluptatem sit eum obcaecati velit ipsa veritatis autem assumenda placeat officiis sit accusamus! Dolorem error, cum ab qui eligendi consequatur odio inventore velit nam quia dolor aut vitae. Quis magni ea dicta error omnis veritatis voluptate tenetur earum et quas ad eius soluta. Non vel, nemo dolore voluptas possimus quia non distinctio enim rerum sed quam quidem voluptatibus. Natus inventore, unde commodi non voluptas minima natus mollitia pariatur sed dolores doloremque autem soluta. Perspiciatis error ex aliquam quia possimus beatae facere, qui deserunt fugit beatae in nisi omnis. Repellendus maxime qui mollitia tempore aperiam sunt suscipit vel saepe consequatur obcaecati non ad iste.', 3),
('76947', 'Manufacturing', 'Distinctio blanditiis quasi quidem omnis magnam modi libero et dolor vero explicabo non enim explicabo. Et veritatis a ratione sequi nisi, natus dolores voluptatum et qui et magni nisi expedita. Labore excepturi at sed sit repellendus perspiciatis sapiente cupiditate voluptatem consequatur magni dolores consequatur officiis. Saepe voluptatem sit architecto quia voluptas est dolores quis et omnis natus perspiciatis consequatur sit. Odio eum totam minima enim iusto sit ducimus inventore illo corrupti voluptas et laboriosam mollitia. Earum numquam delectus, non dicta dolores numquam provident sit saepe aliquid corporis autem voluptatem hic. Sapiente cum voluptate vel alias dolore debitis placeat cum quae id perspiciatis totam culpa corporis. Dolorem reprehenderit amet laboriosam non excepturi quaerat tempora enim velit sint placeat culpa veniam nihil. Animi amet et enim ipsa odio praesentium omnis ut et quae inventore minima aut pariatur. Et aliquam asperiores natus aperiam fugiat unde asperiores et error veniam incidunt corrupti nobis veritatis. Aut rem sunt ullam temporibus et officia corporis eos, aliquam voluptate tenetur at repudiandae sunt! Sit omnis eos voluptatibus ipsa voluptatem impedit facere voluptatem rem aliquid sint corporis totam laboriosam. Sit voluptatem sit porro dicta commodi quia quae repellat minima consequuntur dolor at suscipit ut. Unde a cum est cum vel, veniam rerum sit nostrum ad rerum reiciendis facere qui. Quia non nesciunt molestias perspiciatis est aut hic iusto eos tempora illo quia cupiditate et. Ducimus iusto optio asperiores odit voluptatum eligendi qui exercitationem aliquam consequatur illum perspiciatis et voluptatem. Est ipsa doloribus, et eos ut quis quo assumenda ipsum aliquam rem nesciunt qui odit.', 97),
('29903', 'Research and Development', 'Eaque officiis quis sint est error et quis ratione rerum rem quia laboriosam autem corporis; velit perspiciatis et temporibus soluta, consectetur iste voluptatem magni sed odio modi sit illum autem. Voluptatem tempora est, veniam ea minima non et quia ut culpa perferendis architecto porro id! Esse sit aut velit suscipit non repudiandae aut inventore quia perspiciatis perferendis et praesentium quod. Et fuga non sapiente eius necessitatibus et explicabo magnam dolorem iusto eum aliquid reprehenderit temporibus? Voluptatibus laborum doloribus expedita illum quis ex illo deleniti suscipit quasi quo omnis quos unde! Eligendi ullam, amet consequatur omnis aut adipisci ea ducimus ut dolorem natus qui sed iusto. Neque unde et enim incidunt nisi velit quibusdam sed voluptatem et delectus hic possimus perspiciatis; dolor sed eum ea, dolor nam ipsum voluptas consequatur ut non nostrum accusamus asperiores optio.\r\nIpsa quod accusantium similique tenetur ut enim atque qui perspiciatis excepturi natus inventore id provident. Voluptatem sequi quidem atque nemo officia iste pariatur dignissimos quaerat unde sed maxime dolor consequuntur. Officiis sit vel ratione rem, sint quisquam totam ullam numquam veritatis labore incidunt iste ipsa. Eum et aspernatur consectetur sit et delectus qui eos velit quaerat ea aspernatur inventore animi; voluptates dolores inventore molestiae doloribus velit quae laudantium cum error magni non maxime et odit. Perspiciatis fugiat voluptatem non numquam vero sunt earum neque ad enim unde in nisi voluptatem. Aut dolorum aut voluptate voluptatem commodi harum quidem aut natus ducimus laborum asperiores unde nesciunt? Sed qui est fugit perferendis et eum est unde deserunt quasi omnis repellat quam ducimus. Consequatur qui id hic eum ab iusto a nemo voluptatem debitis at voluptatem earum sunt? Enim reprehenderit sint, ut unde aut voluptas temporibus veritatis velit eveniet distinctio atque et unde! Harum iusto quia harum accusamus nemo porro repellendus placeat voluptate ut qui sit animi quae; ut molestiae non id autem, omnis quod quia quisquam doloremque natus ea sunt inventore quae. Officia quaerat fugiat aut doloribus corporis eum facilis ut quis et aspernatur, ut quae molestias; modi quibusdam, ut velit ut corrupti sit consequatur ut officia reprehenderit et enim et ut? Repellendus sapiente minima repudiandae laboriosam unde voluptas voluptatem modi ad ratione impedit quam qui recusandae. Accusantium molestiae veritatis, sint perspiciatis modi excepturi fugit qui nisi deserunt doloremque inventore esse perferendis. Pariatur quia sit, soluta labore vel tenetur non necessitatibus voluptas exercitationem ad cumque sit veritatis.\r\nIllum quo qui laudantium illo at neque ut aperiam tempore voluptas ab aut quia nulla. At magnam laborum delectus voluptatem amet velit facilis quia dolorem ut ad sed ad sed!', 115),
('56780', 'Operations', 'Adipisci autem, error ut unde sit quis et ut et soluta sit numquam aut accusamus. Quia ipsa ut natus aut, sit ut eligendi quia cumque ullam sint voluptatem delectus consequuntur; omnis et quis magnam libero corporis tempora ut exercitationem sed velit enim neque praesentium quia. Ut suscipit pariatur aut voluptatem, recusandae inventore ipsam qui dolores ut distinctio inventore sed est. Alias pariatur obcaecati perspiciatis dolorum unde et ea reiciendis excepturi odio aut at voluptatem velit. Nihil doloremque quia veniam ab numquam quia molestiae itaque rem sit aut nobis quis aut! Laudantium voluptate mollitia accusantium perferendis est ea quos eum animi voluptate et ducimus amet cumque. Voluptas natus totam iure et eaque deleniti quia error voluptatem totam illum vero quisquam et.\r\nDolorum quasi quibusdam mollitia provident suscipit eius adipisci eos quod odio nesciunt nemo omnis error. Aut repellendus perspiciatis natus est harum omnis molestias quae possimus, sint commodi autem voluptas qui. Voluptate veniam a adipisci nihil cupiditate quia nostrum quaerat repellat molestias magni maiores natus repudiandae. Molestias sint velit aperiam perspiciatis aut et unde rerum magnam rerum et animi id et. At sed assumenda deleniti velit optio minima deleniti quam explicabo quisquam et culpa sit quas! Molestiae doloribus veniam dicta consequatur, hic consequatur illo eius sunt veniam non et aut velit. Quo fuga provident quod laborum qui aut sit quia tempore odio quis ipsam beatae et. Qui aliquid velit, quos incidunt nisi voluptate sed incidunt aut sapiente ut omnis quae optio; quia libero aut delectus omnis molestiae minima earum et ullam architecto nihil eius rerum est.\r\nEt rerum magni aliquid qui vitae praesentium aut molestias qui illum repellat quos distinctio qui. Quam perspiciatis ab consequatur pariatur explicabo doloribus nulla quis voluptatum numquam velit consequuntur molestias veritatis. Voluptas quae quam a temporibus sequi dignissimos magnam, est pariatur itaque in rerum perspiciatis voluptas. Esse error, sit voluptas iste ullam facilis iste aliquam voluptatum repellendus vel dolores nesciunt ut! Perspiciatis molestiae sint quis eveniet inventore sit unde explicabo laboriosam aut consequatur quidem quod esse. Sint natus possimus maiores ea ut accusamus atque obcaecati provident voluptas deserunt voluptate commodi unde. Odit perspiciatis dolorem voluptas autem voluptate harum id quisquam praesentium necessitatibus aut enim ut natus. Similique et eos totam est fugiat veritatis similique quasi provident unde impedit quos, modi autem! Omnis voluptatem ducimus blanditiis voluptatem animi necessitatibus, soluta ut libero voluptatem et dolore doloremque aspernatur. Quia optio iusto molestiae explicabo numquam voluptatem aliquid, omnis iusto voluptatem quo nisi porro omnis! Earum cumque, qui architecto nisi voluptatum amet ut voluptatibus autem reprehenderit ut et veritatis molestiae. Aut inventore sed et ut cum aut perspiciatis perferendis numquam temporibus nihil inventore eveniet iure. Quia asperiores magnam et impedit eveniet voluptatem est repellat et natus ipsa ut quo tempora. Nemo eveniet cupiditate et voluptatem modi accusamus molestias, quia et aliquam voluptatem totam dicta vel! Quaerat aut, aperiam fuga recusandae fugit odio adipisci dolor rem consequatur ut unde corporis unde. Nam aut nam iste fuga quis, omnis nihil expedita esse molestias et sed esse minima? Ab voluptatem eius minima, voluptatem vel facilis iste rerum dolorum esse laudantium dolorem maiores iste. Consequatur a, soluta enim perspiciatis soluta et voluptatem ut eaque provident cupiditate saepe iure sint. Exercitationem in, laudantium dicta ratione pariatur dolorum rerum alias repudiandae ratione nihil aut sunt repellendus. Et consectetur voluptates voluptas sit voluptatem distinctio illum perspiciatis earum est recusandae est error quos.', 25),
('89796', 'Executive', 'Veritatis neque recusandae repellat debitis ad unde officiis et qui cum ullam dolorem eveniet esse. Ut facere natus omnis dicta, quis commodi ut unde obcaecati sint dolorem explicabo necessitatibus reiciendis. Esse nihil molestias est sit enim accusantium dolor error suscipit doloremque suscipit consectetur quam aut; et excepturi sed placeat nobis et error consectetur omnis qui ut praesentium perspiciatis iste qui. Ab illo quam eius voluptatem est optio, adipisci sed recusandae aliquam error veritatis ab sit.\r\nSimilique voluptates inventore aut dolorem modi ratione consequatur in commodi ad recusandae et nulla laboriosam. Rerum laboriosam nemo atque minima sunt neque ducimus facilis natus aut unde soluta natus voluptates? Aut repellendus vel animi vero omnis sequi aliquid omnis dignissimos ipsa ut esse iste in; voluptas nihil dolores voluptas aut sequi, eveniet similique aut nemo exercitationem reiciendis soluta qui atque. Voluptatibus officia sit hic, iusto repellat voluptas enim sint ut voluptatem et mollitia qui blanditiis. Perspiciatis beatae assumenda rerum aliquam fugit sit libero harum et ex amet sit rem at! Amet quia est maiores reprehenderit nihil quaerat veritatis voluptatem, eaque dolores itaque non adipisci repellendus. Alias consequatur deleniti omnis debitis quae inventore reiciendis dolorum aspernatur possimus, est vero et id. Atque velit non, nam veniam neque delectus sapiente sint dolorum sequi dolores libero ut ab. Et vitae facere soluta voluptatem accusantium tenetur dolores voluptas possimus error suscipit modi earum blanditiis!', 59),
('66073', 'Customer Support', 'Rerum fugit doloremque veritatis quos quia et omnis ut iste ut, exercitationem velit corporis et. Quae alias enim quaerat id natus unde omnis sed sit quis sunt necessitatibus molestiae velit. Accusamus mollitia aut molestiae saepe in harum quibusdam sunt minima cupiditate voluptas fugiat repudiandae nam. Ex et eius, porro sit numquam eum optio et ut et rerum dicta odit consequatur. Sit illo et ea consequatur aliquam aut sit inventore incidunt beatae corporis quos et officia. Delectus asperiores vel, reprehenderit nemo qui omnis sed omnis sunt et sit et eaque quis; est veritatis in unde sit perferendis perspiciatis fugit qui et minima placeat eveniet laudantium exercitationem. Aut vel illo aut, ut tempora quae corporis nulla nesciunt est voluptas exercitationem modi iure. Sit minus sequi voluptatem perspiciatis inventore voluptatum optio aut hic voluptatem ut qui eos totam. Vitae recusandae ut consequatur quibusdam eius delectus similique quia at similique asperiores tempora ex illo; minima soluta ea necessitatibus voluptates id laboriosam ipsum alias blanditiis numquam consequatur qui facere odit. Itaque enim perspiciatis quo non sapiente quae eum error earum ipsa vero quo omnis vel. Quas incidunt delectus debitis sit quidem placeat doloribus ad inventore quia nostrum consequatur eaque sit; provident cumque voluptatem consequatur et adipisci quidem ut unde debitis voluptatem et vel voluptatem nobis. Quia sed repellendus dolore aut ut minima harum dicta qui nulla iste porro in maiores.\r\nEt inventore omnis unde pariatur ipsum quis laudantium labore dolores aut quo quae ab est. Fugiat voluptatum rerum voluptatem rem pariatur unde, debitis a possimus molestiae ipsam unde placeat esse? Qui doloremque earum unde impedit iste perferendis nemo dolorem maxime tempore eligendi consequuntur enim sed. Rerum natus sequi id iure maxime sit velit sed deserunt iste officiis sed esse quod! Unde sed eum odio non natus ipsa porro odio ut inventore sunt nihil omnis ab. Delectus voluptate tempore unde nulla aut velit ex nihil nobis error esse vel enim qui? Et quas suscipit adipisci quae delectus inventore minima distinctio ab a doloremque quia sit quo. Voluptas consequatur aut nostrum et minus repellat error ut perferendis eius exercitationem quaerat laboriosam est? Doloribus est iusto quos deleniti, assumenda omnis illo maiores qui et ut deserunt deleniti animi! Fuga ad magni delectus aut eos pariatur saepe rerum et suscipit sapiente et at ipsam. Illo inventore voluptas assumenda totam, quibusdam quisquam recusandae repudiandae animi voluptatem vitae eaque aut ut. Veritatis consequatur eum aut qui quae voluptatem sint iste sit nostrum, sed sit assumenda eveniet. Beatae aut obcaecati error ratione aliquid ea eum sit delectus rerum magni velit ipsa doloribus? Et voluptatem quibusdam obcaecati, tenetur est ad maiores adipisci aut eius et maiores quo ut; eaque inventore et, nam tempora hic quidem iure dolor odit incidunt eveniet sed voluptas blanditiis; ut non nostrum non libero qui adipisci alias provident nostrum reiciendis tempora non laudantium molestiae. Omnis maiores dolore, voluptas voluptatem ex est porro quae non error et ut perspiciatis aut! Error sit enim iste doloribus velit rerum voluptatem officiis dolor temporibus blanditiis corporis nisi laborum. In nemo aperiam omnis error est omnis error itaque quae, quia pariatur sed corporis quisquam! Et perspiciatis, quae cumque saepe architecto beatae sunt et explicabo pariatur perspiciatis iste voluptatem illum.\r\nVoluptatem natus sunt minus alias delectus, unde et tenetur provident nesciunt et aut facere obcaecati. Sint esse in commodi eos unde, omnis vel molestias neque quaerat ex molestias error voluptate. Dolores temporibus maxime vitae officiis voluptas temporibus nemo quisquam repellendus nisi veniam libero ipsa aut! Vero sequi deserunt placeat sit et modi beatae eos et aut est recusandae sed aliquam. Animi quia distinctio neque eum et enim veritatis neque ratione aut voluptas asperiores ipsum aut? Omnis vel expedita vero cupiditate exercitationem officiis odio atque nesciunt odit vitae unde non quidem. Rerum ea voluptas laudantium et non in alias laborum neque perspiciatis error aut laudantium nam!', 109),
('64540', 'Marketing', 'Sit ea, sed et maxime fuga suscipit consectetur error culpa qui quibusdam iste quia veniam. Sunt illo dolores aut placeat quo aut repellendus tempora et dignissimos debitis tenetur vero facere; et numquam voluptatem amet fugit dolorem odit fuga et reprehenderit excepturi quia ut quo numquam. Fugiat nostrum adipisci nulla autem ut sequi iste, sint eius ut quibusdam vitae illo expedita. Voluptatem blanditiis nulla vel magnam officiis consequatur molestiae voluptatem nisi ad soluta quidem est eos. Error itaque, nam eius quisquam minima et provident corrupti omnis voluptate accusantium consequatur neque repudiandae! Accusantium ducimus, fugit dolor unde quo neque aliquid architecto aliquid et distinctio adipisci autem officia. Vel tempora explicabo impedit error veritatis magni error corporis, laudantium id fugit id maxime illum? Totam rerum minima voluptates, fugiat illum odit dolorum pariatur et quasi distinctio sed sit consequatur.', 35),
('81385', 'Sales', NULL, 118),
('67961', 'Finance', 'Velit aut et iste enim assumenda omnis provident porro iste consequatur aut illum iure qui; deleniti at dicta numquam, voluptatem et in earum quos consectetur vitae enim odio voluptas autem; est unde rerum dolores tempore nulla dolorem, voluptatum fugit ipsam voluptatem qui rerum adipisci quos. Qui ab, est voluptatem molestiae autem modi sint nihil natus necessitatibus non quia eum nostrum. Ullam sed perspiciatis aliquid eos, modi deleniti perspiciatis ut a fugit eos repellendus aliquam ea; quisquam tenetur ipsa impedit provident, neque animi blanditiis nesciunt aut voluptate mollitia suscipit deserunt quia. Unde consequatur neque distinctio soluta nihil quibusdam modi voluptas expedita ex culpa error dolore qui; eum amet, eos enim debitis dolor consequatur natus rerum incidunt omnis dolorem perferendis neque ipsum. Laudantium consectetur, error beatae voluptatum culpa assumenda soluta ut dolores labore quasi provident commodi sit. In consequatur officia rerum unde dolore distinctio ea soluta id nemo et qui dolorem provident? Repudiandae esse perspiciatis error repudiandae voluptate sit iste sequi fuga alias eaque ea ad molestiae. Ratione modi saepe recusandae vel quia distinctio non molestias nisi iste ut qui natus error!\r\nVoluptas sit qui unde reprehenderit, numquam sit optio voluptas et at quo iusto et similique. Sit minima illum dolor aliquid excepturi est et qui officia iste dolores nemo quidem adipisci. Necessitatibus soluta ut error minima qui, voluptatem soluta voluptatem eveniet voluptatem soluta voluptatem et impedit? Enim praesentium quia voluptatum beatae sapiente corporis labore ipsum cupiditate ratione facere unde, inventore dicta. Ipsum sed et non qui sit quis voluptate vitae perferendis omnis ex officiis perspiciatis alias. Omnis et unde nobis sunt odio est aspernatur quia repellat non voluptatem quia dolores tempora. Doloribus ab est sapiente exercitationem, voluptatum unde ducimus deserunt fugiat et cupiditate aut voluptate et; numquam eum blanditiis error aspernatur ab culpa laudantium vel natus sit sed maiores asperiores minus. Perspiciatis fugit molestiae animi voluptatum aut delectus sequi magnam ut blanditiis dolorum qui distinctio animi. Distinctio doloremque numquam harum repellendus commodi facilis quae et fuga veniam nesciunt ipsam itaque dolor. Accusantium architecto repellendus illo rerum harum aut vero sapiente earum dolores deserunt et voluptatem perspiciatis. Natus pariatur quos architecto ducimus amet molestias maiores aut, unde qui omnis ut aut voluptatem. Qui ut sit quasi eum, enim consequatur fugiat magni optio consectetur dolores voluptatem ab dolores.', 50),
('91056', 'Research and Development', 'Alias magnam iste nostrum nulla repellendus, ut omnis iusto suscipit corrupti alias voluptas et aut. Iure exercitationem aut, iste dolor ut et quia est omnis nisi natus et fugit temporibus. Perspiciatis ut et, recusandae sapiente fugiat sunt quia quisquam consequatur eaque velit necessitatibus vitae alias. A rerum dolor natus aut ut voluptatum est dolores aut corporis accusantium eaque dolor itaque. Odit ipsum natus aperiam vel pariatur, aut vel aperiam expedita laboriosam blanditiis qui inventore impedit. Enim omnis reprehenderit nam nihil, libero numquam cum ullam doloribus perspiciatis quia earum molestiae consequatur. Neque quod quas illum aspernatur reiciendis modi harum alias harum ipsa fuga autem sint sit. Libero sunt est qui voluptatem voluptatum quibusdam voluptatem eum dolor et minus vitae laborum perspiciatis. Sunt minima et quae labore in aperiam explicabo et veniam aliquam qui explicabo voluptatem harum? Et impedit mollitia quos aspernatur quo dolorum sed minus quia, et obcaecati nesciunt beatae amet; quis qui, iste maiores nisi natus voluptas nobis magnam cum veritatis error quia maiores ab. Libero sunt, ut adipisci porro adipisci quia harum vero esse consequuntur incidunt ratione modi rerum! Deserunt et perspiciatis omnis ab deleniti eligendi asperiores odio incidunt eius maxime saepe vitae omnis. Eius dolor et blanditiis, voluptas quo debitis molestiae natus laboriosam mollitia velit nihil autem placeat. Molestiae obcaecati mollitia fuga, beatae non iste voluptatibus provident quis est excepturi et dolore molestias. Et cum, sunt incidunt et reprehenderit debitis quisquam odit sed non ut ullam quia voluptas! Earum aut distinctio repellendus et, vel sed et animi doloribus explicabo sed iste ut architecto. Dolorum perferendis nulla ut non est quia ullam nesciunt enim unde beatae error velit debitis! Deserunt consequatur et, sunt voluptatibus quia dolorem sed dolores quis sit explicabo possimus non natus? Eos autem omnis consequatur et dolores ducimus sed culpa voluptatem et error quae fugiat eaque.\r\nUnde quia repellat voluptates veniam similique magni minus voluptatem velit eum consectetur vero illum facilis. Ea temporibus voluptas ipsa voluptatum praesentium quaerat non corrupti omnis qui repellendus et ut qui. Quidem voluptatem obcaecati alias, ab ipsa omnis sit veritatis autem tenetur ex sit architecto amet. Non quis natus sit quo mollitia dolorem aperiam sapiente blanditiis laborum vel quia libero ut. Distinctio ducimus exercitationem omnis nihil ullam sit praesentium excepturi assumenda dolorem temporibus perspiciatis laboriosam ea? Reiciendis corporis est sit natus eum nemo soluta explicabo quae perspiciatis molestiae mollitia velit architecto. Nobis vitae assumenda omnis rerum quia ipsa nisi optio consequatur et sunt dolorem dolor magni. Nemo voluptas ipsum omnis fugit unde quisquam velit dolore voluptas sit numquam quasi neque odit; at necessitatibus excepturi nulla soluta, aut perspiciatis est explicabo quo veniam qui sed error porro. Ea quae labore neque culpa modi quia ducimus amet natus vitae consequatur dolor ipsum vero! Ex et quis nobis omnis et odio obcaecati et architecto id harum aut aperiam tempora. Dolor est aut rerum eligendi debitis suscipit praesentium alias aliquid quo, labore voluptatem iure natus...\r\nVeniam veritatis sit quis impedit laborum non similique atque est ex sed laborum dolor fugiat. Dolorum ut dolore et tempore est voluptatem enim cupiditate necessitatibus et quia in veniam accusamus. Perspiciatis voluptatem ullam illo autem, nisi aut nihil est similique et error omnis in iste! Quibusdam iusto ea error non recusandae dicta laborum adipisci doloremque cupiditate voluptatibus est ex debitis. Qui non perferendis dolores aut atque quod qui obcaecati et natus qui aliquid sit omnis? Minima distinctio saepe sit ea ratione quidem recusandae sed dolor inventore cupiditate aspernatur repudiandae error. Distinctio sit eum voluptatem autem voluptate a est totam fuga, esse odit dolor suscipit quo. Sed maxime sit, voluptatem laboriosam ex qui a quia voluptate officia quia error quod voluptas!', 138),
('93025', 'Research and Development', 'Aspernatur similique iste eum, cupiditate aut laudantium unde possimus molestias aut eligendi quos deleniti omnis. Iste suscipit aut reprehenderit et sunt omnis, qui quia omnis iste perspiciatis molestiae reprehenderit voluptatem. Sint perspiciatis voluptatem dolorum rerum ratione iste est ut et tempore, molestiae architecto tempora voluptatem? Et quia repellat eum ipsa non omnis aut maxime fuga natus molestias praesentium magni omnis. Velit dolorem, eius ea ex nisi quibusdam corrupti nam aspernatur saepe et distinctio iste quasi. Rerum id ullam sit ut, enim id nam veritatis eum aut natus repellat sequi necessitatibus. Ipsa quisquam nulla ipsa ea sit nostrum natus sit hic consequuntur accusantium sit est officiis? Consequatur adipisci aut cumque quia odit tenetur hic quidem laudantium vero cum vero assumenda libero! Magni consequatur nesciunt qui molestias ex natus sed eaque et quia cumque molestiae quia error. Et voluptatibus quasi qui ducimus et sunt modi in eaque quia nemo rerum alias rem? Dolorum unde et pariatur rerum cupiditate eos unde sed in saepe neque quia, minima et. Voluptatum omnis maiores sed et sit quis quibusdam qui voluptatem corporis sint dolor temporibus ea. Earum non sed alias reprehenderit voluptatem recusandae ipsum tenetur debitis et ad atque ducimus unde; error sit voluptatem, culpa sed modi omnis fuga non nisi et quia architecto facere voluptatibus. Est eos omnis rerum, nisi cumque dignissimos sed velit recusandae pariatur nihil ut sit facilis? Suscipit ut voluptate possimus, omnis ut rerum alias et soluta beatae ut atque natus sed.', 9),
('38672', 'Finance', 'Laudantium id aut, et eum veritatis sed aliquid nobis ipsam modi repellat tempora error ex. Omnis voluptas, velit molestias et excepturi nihil consequatur aut et dicta eum deserunt laboriosam maiores. Eos ut qui totam, sit quibusdam temporibus autem eveniet id aut molestiae unde voluptatibus assumenda. Rerum quas officia, voluptatem et temporibus ipsum dolor tempora velit vel nihil consequatur accusantium omnis. Sapiente voluptatem eos porro doloribus velit dicta voluptas voluptatibus exercitationem vitae esse et neque laboriosam. Sit nihil obcaecati consequuntur rem pariatur cumque error accusantium animi totam omnis aut alias sed. Dolorem excepturi ab dolorem delectus et nostrum sit quia iste ad atque error unde rerum.', 145),
('85342', 'Executive', 'Tempora eaque porro dolore ab ducimus natus est et, omnis asperiores quis recusandae vero voluptates. Explicabo distinctio, enim aut magnam dolor rerum quia quo reprehenderit fugit consequatur suscipit molestiae repellat? Aliquam aperiam reprehenderit dolorum est delectus repellat eos beatae ut officiis quisquam optio tenetur est. Quod eligendi et, qui sed ut odio neque voluptatem est quod quaerat voluptatem excepturi aspernatur. Nihil voluptatem voluptas blanditiis sit, doloremque consequatur recusandae earum sit autem aut omnis natus et. Voluptatem fugit ut corporis fugit cupiditate odio voluptatem animi natus ut obcaecati possimus necessitatibus qui. Voluptatum consequatur perferendis a atque rerum non dolores suscipit doloribus minus molestiae repellat repudiandae hic. Aut magnam quam et deserunt est sapiente error ut sit dolor ut modi nam excepturi!\r\nQui optio saepe ut error aut vitae officiis, dicta reiciendis ad quam alias aperiam dolor; doloremque et exercitationem doloremque eos, qui eos minus possimus voluptatem quo voluptate dolore commodi repellendus. Sit amet tempore dicta aut deleniti, rerum ut eius eos omnis alias cupiditate perspiciatis quae.\r\nIpsa assumenda quaerat dolor sapiente, officiis molestiae sed voluptates veniam fugit similique nesciunt consequatur pariatur; cupiditate consequatur maiores molestiae quia magni numquam odit cum autem soluta culpa atque iure nesciunt? Et corrupti quas rem vero natus et, magnam iusto eligendi temporibus beatae assumenda et ipsa. Temporibus maiores qui a aut asperiores harum quidem ut quis sit ipsam autem ut ea. Dignissimos iure sapiente officia modi ipsum quia temporibus sed qui eligendi cumque cum inventore qui? Voluptatem molestiae tempore sed sit unde ut natus laudantium sequi alias illo cum voluptas sed. Laudantium tenetur sed quasi enim fugit ut et magnam qui ea culpa ipsam id sapiente! Ipsa et omnis voluptatem omnis quasi non quia id accusantium aperiam voluptatum ipsam inventore eum. Recusandae inventore illum, aut ut magnam expedita unde ipsam ea et sed dolor aperiam aspernatur! Eius adipisci vitae qui iure iusto, dolores accusantium possimus soluta ratione cumque veniam omnis sit. Nemo sed sit officia explicabo unde iure est aut ullam, non nostrum facilis iste facilis. Quia ab quisquam qui totam, delectus omnis quis architecto ea eaque blanditiis cum eveniet dolorem. Ipsam cupiditate, neque et ut omnis sit dolores ipsam tempore voluptatum amet voluptas aut ex. Accusantium illum unde quia corporis repudiandae sunt eum unde facere animi voluptas voluptatem perspiciatis modi. Facilis sunt et omnis doloribus inventore, odit eaque doloremque quis vel sint unde officia ut! Est velit fugit, doloribus nemo vel laudantium illum voluptas et ut vitae autem provident distinctio. Et qui unde quia quis quibusdam velit ut quia illo et sit est enim magnam.', 65),
('22326', 'Facilities', 'Qui atque incidunt nesciunt accusamus sint cum aliquid totam modi eveniet harum consequatur ullam nam. Veniam eius eaque consectetur et non excepturi cum minus sit magni expedita saepe sed explicabo! Delectus sit et consequuntur nisi possimus rerum accusantium tenetur repellendus quis voluptate consectetur officia nihil. Minus unde eius et aut repudiandae ullam sed velit dolorem vitae obcaecati fugit numquam laboriosam; aut illo, fugit aliquam ducimus voluptatem unde a nemo omnis asperiores quibusdam magnam et cupiditate; ratione deserunt autem quia at ea repudiandae nam quas corporis ad quis aut consequuntur velit. Praesentium perspiciatis suscipit voluptas nulla est rerum eligendi sapiente veniam sed ab rem quo quaerat. Rem quis odit quia et est quae obcaecati et unde nam dignissimos sit ut qui. Iste iure placeat laborum minus libero voluptate eos repudiandae voluptatem dicta quos quis autem sint. Laboriosam omnis atque voluptatum totam natus dolor cum voluptatem et error sint ab reiciendis natus. Sed ea aut iusto natus consectetur corporis deleniti iure totam aliquid optio sit voluptatem iure. Placeat harum doloremque quasi magnam ipsam natus doloribus laudantium sit et ipsam minus ipsam id! Hic aperiam omnis natus aut nisi error et voluptatem tempora modi dicta qui eos fuga. Consequuntur officia omnis, eum ut excepturi sit ratione dolorem dolores et in sed dolores facilis. Ut et quia ad omnis voluptatibus eligendi aut quo cupiditate tempora voluptatum quo consectetur vel! At ut aliquam non sit earum quis quos quam voluptate natus assumenda minus sed et. Aperiam qui perspiciatis aut magni iusto magni eius voluptatem, et voluptatem non et consequatur voluptatem. Inventore id possimus quas est ut dicta dolor voluptas exercitationem doloremque dolor repellendus consectetur aspernatur. Sunt nesciunt dignissimos obcaecati aut eius natus illo veniam at id sit quia neque maiores.', 106),
('77561', 'Executive', 'Ducimus labore ut consequuntur saepe sed et quo sit accusamus a deserunt est quas officia. Voluptatem magnam officia enim sit, aut amet tempora eos dolor laudantium id odio officiis omnis. Consequatur aperiam id voluptatem quo sequi distinctio nulla quam laudantium assumenda mollitia veniam fugit natus. Voluptatem illo, quod ipsum voluptatem atque alias omnis quidem explicabo natus unde officiis modi quibusdam. Ut nihil aut perspiciatis eum recusandae sit ut sit, labore consectetur explicabo animi deleniti ad. Ipsa rerum earum quia id dolores unde atque omnis sequi quo et aut voluptas et.', 85),
('20367', 'Research and Development', 'Eius officia sit voluptatem corporis tenetur vel ut accusamus enim quis error id consequatur est. Omnis assumenda eum doloremque exercitationem eveniet officia et accusamus eos iure nemo praesentium dolor voluptatem. Labore ut minima, et recusandae magni sit sed quasi modi labore dolores suscipit vel error? Nemo ut soluta quibusdam, nisi beatae et eos illo voluptas ad distinctio quibusdam distinctio voluptas. Quod voluptates aut quibusdam hic qui iste, dolor quo nemo ea quis repellendus cupiditate asperiores. Reprehenderit omnis aut, vel omnis illum alias quidem quasi saepe quia eaque sit dicta expedita. Est esse est veniam magnam enim dolores consequuntur ut, non voluptatem quia et enim vel. Nam a, aliquam illo quis soluta iure repellat asperiores exercitationem sed aut aliquid veniam excepturi. Molestiae labore architecto sed iste pariatur et rem et sit earum non, aspernatur est natus! At voluptatem voluptas, fugit eveniet assumenda voluptatem quam omnis blanditiis unde error rerum suscipit unde. Perspiciatis unde, commodi sint voluptatem soluta accusantium fugit sequi ut consequatur dolore nulla modi sed. Nemo est neque dolorem eum enim non voluptatem et, rerum praesentium iure atque obcaecati consequatur.\r\nVel voluptatem minima officiis eius provident quia aliquam nisi et impedit laborum ut temporibus natus. Assumenda quia ipsam ut amet necessitatibus incidunt facere ab autem molestiae autem ut non ad. Iste alias incidunt suscipit minima ipsam magnam consequatur dolores laboriosam necessitatibus debitis ut vitae ullam. Unde necessitatibus distinctio molestiae laborum assumenda, qui omnis doloremque velit quis eveniet et eos nihil; error iusto eos aliquam delectus sint, quia veritatis a quidem dolores qui doloremque voluptatem quidem. Quas enim ut temporibus perspiciatis quo nemo ex numquam sed unde ab maxime voluptatem atque. Aliquid perspiciatis aut minima incidunt id unde aut eos temporibus ex enim provident natus eius. Quis sapiente consectetur et perspiciatis odit fugit consequuntur vel fugit sed quaerat dolorem fugit quaerat. Enim omnis ut, qui ut ea et perspiciatis molestias quia ut sit ad accusantium et. Perspiciatis officiis exercitationem tempore est velit alias quos inventore vitae fuga unde minima perspiciatis sapiente. Voluptas dolor, quaerat incidunt est dolorem blanditiis labore animi error quia perspiciatis suscipit laborum aut. Consequatur aspernatur recusandae sunt tempore illo unde repellendus voluptatem dolor facere vel qui expedita provident; aut unde aliquam blanditiis minima omnis dolor distinctio aut quia libero ipsum et quia dolore. Exercitationem rerum quo magnam nostrum ipsum porro temporibus ipsam assumenda natus et adipisci alias omnis. Earum omnis ad voluptatem sunt esse quia sit veritatis a illum voluptas aut officia dolor.\r\nSuscipit molestias perspiciatis ipsum voluptatem non et voluptate magni voluptas omnis perspiciatis culpa quo nobis. Ad nihil nisi qui magni aut neque debitis ut tenetur natus sequi numquam in ipsam! Non unde quia perspiciatis est corporis et vel ipsa ad dolore nemo, iure veritatis sunt. Voluptate earum explicabo id sed nobis, accusantium corporis voluptates voluptatem ea doloremque ex mollitia enim. Amet reiciendis quia soluta, sit ut eveniet quaerat dignissimos id et voluptatem amet adipisci sequi. Sint voluptatem, soluta sapiente voluptatibus aut illum possimus ea quaerat et recusandae est qui dolore. Qui laboriosam voluptas est harum porro ea, tempora omnis unde beatae pariatur cupiditate ipsam rerum; eligendi eius odit nobis voluptatem aperiam delectus sit error sapiente tempora voluptatem possimus officiis nisi? Officia tempora ratione quidem dolores nostrum et perspiciatis sunt aut omnis amet ut omnis perspiciatis. Consequatur aspernatur et hic ea quidem dicta ex quisquam quaerat vel distinctio laboriosam non quia; recusandae nihil praesentium ipsa consequatur quia ut quis similique veritatis deleniti consequatur reprehenderit nam nihil. In ut omnis autem voluptatem nesciunt consequuntur dolores commodi sit quis quia temporibus sit molestiae. Reiciendis voluptatem fugiat ipsa natus distinctio esse fugiat ea quia odio aperiam nobis iste obcaecati; aut aliquid voluptatem quaerat, labore sint suscipit sunt quia quasi minima ullam error possimus unde. Tenetur facilis minima esse sed perferendis quaerat adipisci dolor quidem dolor aspernatur id consequatur error. Architecto earum quam suscipit porro eaque est quia labore qui et laudantium, et voluptatem eveniet; accusantium labore vel quis laborum est voluptate provident dolor laborum eius doloremque tempore et laborum. Sunt quas consequatur amet tenetur sed aliquam nihil perspiciatis mollitia facere quo sed excepturi nisi. Dolor aut velit quia cum ut soluta aut est non sed sunt quasi voluptatem inventore.', 41),
('75456', 'Finance', 'Dolores provident qui cum culpa voluptate cumque explicabo natus provident eius sit aspernatur aut voluptas. Et alias quae aut esse sit velit fuga unde ducimus recusandae quia officia esse sed! Quis consequatur dolorum, odio iste quo sapiente omnis et quas hic quod et praesentium unde. Est ut, doloribus voluptate nulla ea fuga et molestias sed quisquam ut soluta corrupti labore. Pariatur sequi doloremque molestiae dignissimos reprehenderit sit error dolorem nemo optio aut repellendus aut porro. Eum impedit distinctio fugiat non voluptatem hic illum sed exercitationem vero, corporis sed ut et. Eius quos alias omnis facere omnis at consectetur quis in repellat temporibus non omnis ratione.\r\nImpedit voluptatem ex aut, ut esse placeat alias qui earum ut est iste voluptates deserunt. Ducimus magni error illum omnis quae recusandae eum, et maxime fugit veritatis quia repudiandae aut. Exercitationem soluta ipsum molestiae, dolores expedita quisquam maiores commodi architecto voluptatibus amet ullam in minima? Ratione unde doloribus quia voluptas ipsum deserunt voluptas quo suscipit sequi eum facere veniam odit. Officia in ex nihil a est qui distinctio odio, ullam in animi sit delectus unde. Harum cupiditate eveniet sit reprehenderit sit ut quidem adipisci eum et necessitatibus maxime cumque veritatis. Facere sed est suscipit optio omnis temporibus inventore ut ad obcaecati deleniti, omnis consequatur repellendus. Autem commodi cupiditate officia voluptate sed iste et labore architecto, quae velit consectetur et quia. Eaque aut sit corrupti accusamus doloribus animi excepturi ut tempora est dolorum tenetur tempora accusamus. Magnam non quo veniam, unde reiciendis omnis consequatur omnis voluptatem quia culpa harum omnis accusantium! Enim tempore aut sint, odio numquam rerum dolores et est quisquam sed error quia corporis. Est autem sed est aut hic, quo natus debitis eos in laudantium ea nam error! Maxime fugiat facere aut aperiam et voluptatem rerum et consequatur fugiat consequatur ratione nobis ut. Omnis voluptatibus voluptas hic molestiae quisquam similique eum quasi nemo voluptatem unde iste illo blanditiis! Sit et, officia magnam quod ut voluptatibus vel aut nesciunt laboriosam repudiandae asperiores sint omnis. Exercitationem eligendi deserunt error saepe quae neque tempore sit nesciunt modi exercitationem sint possimus iste? Nobis a ut placeat quo esse, repudiandae id vel nihil eveniet aut nobis harum ut. Quidem natus facere ad accusamus quos animi laudantium vel sunt illo excepturi illum odio repudiandae. Voluptatem et ut illo sit omnis amet nobis commodi unde quia sed voluptatibus molestiae vel.', 89),
('69402', 'Consulting', 'Voluptatem dolorum, minima repudiandae corrupti quae placeat quia error est cupiditate cumque dolores minus sed. Sed nulla et, nostrum sit enim et totam ut aliquid dolor dolores provident omnis debitis. Exercitationem et hic omnis modi quia officia et provident laudantium sit rerum modi neque est. Alias dignissimos quam rerum accusamus consequuntur est iste amet quis quam voluptatibus quisquam voluptates voluptatem. Suscipit soluta earum ea eos enim tempore asperiores provident quidem velit qui omnis sit assumenda. Numquam cupiditate voluptatibus dicta omnis modi exercitationem quia alias optio quis eveniet quos sunt deleniti. Aut et amet quia, doloremque qui non dicta sit pariatur mollitia magnam natus unde facilis. Sunt tempora rem, rerum ab omnis sit possimus maiores accusamus aut et molestias fugiat consequatur. Error quia doloremque obcaecati, praesentium odit qui ipsum mollitia natus doloremque dolorem autem qui iste. Aut recusandae perspiciatis, natus quia eaque est autem beatae enim veniam eaque eos consectetur minus!', 103),
('42754', 'Consulting', 'Est dolorem temporibus iure adipisci vero facilis voluptatibus minima quia ab sit harum rerum repellendus.\r\nCumque aliquid deleniti iure quas et omnis exercitationem omnis est quaerat est ullam alias atque. Quia voluptatem ea incidunt omnis non, nisi officia ut vel quibusdam error qui voluptas voluptatem. Modi omnis illo provident tempora cupiditate enim dolor quia quisquam, commodi incidunt omnis sed ea. Nesciunt ratione voluptatem accusantium, ratione sint dolores reiciendis sapiente itaque et ad et iure sit. Veniam dolorem rerum excepturi sunt, pariatur delectus aliquid dolores ut accusamus sapiente molestias tenetur aliquam. Aut sapiente eius dolorem aperiam quia qui mollitia repellat error nulla harum totam facilis natus; sed et, distinctio minima vel perferendis unde dolores quae vel totam velit earum unde in. Doloribus qui quasi rerum aliquid voluptates rem earum quasi ad repellendus molestiae quia fugiat omnis! Est adipisci dolores non voluptatibus officiis sint ratione dolor necessitatibus quasi laborum perspiciatis ullam qui. Quia eligendi assumenda earum labore vel neque quae dignissimos inventore dolore illum ut et fuga.\r\nCorrupti temporibus aliquam minus sapiente laboriosam dignissimos vero ut voluptate quis totam rerum suscipit voluptatem. Reprehenderit quos cumque repellendus ea nihil excepturi maiores blanditiis et harum laboriosam pariatur dolores necessitatibus. Veniam omnis quia dolor quibusdam rerum sunt laudantium rerum quod rerum quia deleniti laudantium at. Suscipit hic quia illo ut aspernatur consequatur iure sequi exercitationem aut ab repellat expedita sint? Adipisci ullam tempore debitis aliquam porro et soluta ut cum ut in maxime maiores voluptatem. Expedita minus iste voluptatem sint harum voluptatem quia voluptatem fuga eum quibusdam voluptate quaerat voluptatem; ullam quis, asperiores ratione laborum ut quia quos molestiae aspernatur eum aspernatur error nostrum culpa. Odio enim, commodi enim obcaecati aut commodi sit explicabo sint ut iste eius dolore laborum! Qui dolor magnam et aut ut rerum, aut qui voluptatibus ipsum quidem natus eveniet qui. Suscipit perferendis, error unde vel obcaecati sit omnis et dolore quasi sunt est ipsum et; quia deleniti distinctio delectus fugiat laborum eligendi similique voluptatibus error magni sit consequatur quam repellat. Praesentium ut dicta cum eveniet sunt beatae nam id qui dolor aut, omnis ab non. Et ullam eligendi quae dolore tempora omnis doloremque dolore est minima dolorem unde architecto voluptatem. Rerum sapiente perspiciatis enim nihil quasi eum optio sit vero ut voluptatum commodi autem repellendus! Molestias sit saepe numquam aliquam cupiditate sed molestiae, quia et velit natus perferendis voluptatem molestiae...', 56),
('45501', 'Finance', 'Tempora magnam voluptatem, aperiam dicta minima repudiandae est minima libero quas unde magnam saepe perspiciatis. Reprehenderit dignissimos rerum nihil velit officia sed sint possimus ad dignissimos provident perspiciatis autem quia. Blanditiis voluptatibus pariatur asperiores quaerat aut sit suscipit pariatur accusamus ea perspiciatis sed dolor culpa. Fuga inventore magni modi ad dolorem tempora voluptatem perspiciatis qui cupiditate culpa suscipit impedit amet? Sunt enim, sunt aut omnis autem quam sequi accusantium unde officiis similique molestias repellendus distinctio. Neque dignissimos repellendus molestiae alias et doloremque delectus commodi sapiente esse autem blanditiis magnam perspiciatis! Consequuntur qui maxime placeat eaque sunt quia sit quo nemo nesciunt officia sapiente sit qui.\r\nMolestiae quia sunt molestiae consequuntur nostrum corrupti consectetur dolores iusto corrupti, ullam qui laudantium itaque. Est nobis voluptas et autem delectus est dolores reprehenderit maiores libero rem architecto tempora voluptas. Explicabo unde itaque, sit incidunt et sit ab ut et est recusandae enim fugiat labore.\r\nEa consectetur aperiam, incidunt quo temporibus optio ea necessitatibus numquam est doloremque nisi suscipit et. Architecto sit dolor natus omnis aut obcaecati dolorem dolores accusantium recusandae qui inventore repellendus aliquam. Pariatur veniam et doloribus praesentium numquam nemo voluptatem sint possimus veniam ut debitis eum sed. Sit beatae nam corrupti et, sapiente obcaecati aut nihil officiis quia vitae dolores tempore dolores? Magnam voluptatibus voluptatem cum aut labore, id deserunt eaque similique error asperiores voluptas ea rem. Recusandae natus perspiciatis quam mollitia, enim suscipit ut veritatis sit voluptate ut est ea consequuntur! Voluptatem dolorum officiis impedit non sit illo ut magni a molestiae ea eos molestiae rerum. Ducimus accusantium itaque, quo quis incidunt odit quisquam tempore consequuntur atque non saepe doloremque reprehenderit! Aperiam architecto nam et, omnis laborum beatae inventore commodi ut delectus consequuntur aliquam voluptatem ad.', 4),
('67222', 'Executive', 'Omnis similique ea iure iste nihil sunt repudiandae, quae debitis fugit aut impedit fuga porro. Doloremque eum expedita quia officia molestiae ut, quaerat error totam voluptas corporis consequatur quae voluptate? Perspiciatis veritatis debitis est, ipsam sed qui fuga ipsa sunt quo ad sed ut architecto. Doloremque ut consequatur nostrum cum id natus aut ea vitae hic obcaecati earum non et. Necessitatibus culpa quis dolor ut, molestias accusamus autem qui nulla harum quaerat tempora cumque voluptas. Nulla ut, maiores harum possimus porro error dignissimos sed deserunt voluptas culpa qui vitae maxime. Unde repellendus nisi sit odio id unde soluta veritatis, praesentium adipisci est dolor doloremque sequi. Molestias quis tenetur natus consequuntur et similique nobis error voluptatem deleniti fugit culpa quia quaerat. Repudiandae minus sint explicabo cupiditate odit, incidunt ipsum quis numquam quidem expedita suscipit iusto voluptates. Quia tempora sed rem quae, repellendus iusto ad tempora esse laborum ea repudiandae totam nobis. Nemo quia et velit veniam unde perspiciatis modi consequuntur non vitae voluptatem magni impedit nihil!\r\nExplicabo in laborum a accusantium autem officia error necessitatibus consequuntur unde molestiae neque, quis praesentium. Commodi debitis ut non est fugit quia laudantium rem, et adipisci non aut ullam ex. Quia totam accusantium quo laboriosam totam exercitationem dolorem eos quia reprehenderit repellendus totam est in.', 86),
('01253', 'Information Technology', 'Aut rem ipsa, dolorum unde ea blanditiis sit beatae itaque a aliquid iste alias perspiciatis.', 26),
('20454', 'Information Technology', 'Asperiores qui asperiores explicabo ut maxime eveniet omnis aut quibusdam facilis esse omnis voluptatem ab. Saepe unde magni amet voluptatem quia et totam nobis pariatur, omnis et sint ut quis; ea possimus eveniet architecto cum itaque qui accusantium ullam quaerat officia nemo voluptatem vel et...', 3),
('61226', 'Customer Support', 'Asperiores aliquam aspernatur consequuntur est autem sunt natus perspiciatis ab nemo iste consequatur ut voluptatem. Dolor ratione qui non aspernatur, numquam itaque non natus ad voluptatem dolorum excepturi ea omnis. Est veniam corrupti nobis aut necessitatibus corrupti qui nihil rerum est voluptatem vero commodi maiores. Reiciendis natus ut dolorem modi sit impedit, sunt modi et quam eos dolore aut dolore! Excepturi possimus et quidem unde quam et tempora enim non ipsa assumenda est at repellat; soluta magnam sit optio quaerat corrupti, atque debitis quis aperiam unde autem sint facilis veritatis? Dolorem qui voluptatem deleniti quaerat et qui vel accusamus commodi voluptatem amet nihil ut repellendus; eius sed unde, laudantium quia odit temporibus voluptatibus delectus enim et doloribus totam unde fuga? Officia maiores praesentium nihil fugit sit consequuntur provident rerum excepturi voluptatem quaerat veniam ducimus iste. Ducimus et beatae inventore officia pariatur sed excepturi eius, expedita quia sequi minima distinctio velit.\r\nMaiores eius qui consequatur voluptatum voluptates perspiciatis ut debitis provident architecto quia asperiores non natus. Quibusdam in repudiandae ut illo alias voluptatem tempora qui veniam unde necessitatibus qui deleniti fugiat! In dignissimos, pariatur aut unde obcaecati aut natus obcaecati pariatur delectus est non ipsum eos; voluptas aut cum optio voluptas rerum error, quis eaque ipsa ipsum dolore inventore error et. Ipsum quaerat consequatur sunt sint laboriosam quia, consequatur a aliquid beatae eius reprehenderit doloremque itaque; dolores voluptates enim quaerat non ut similique aliquid doloribus itaque autem voluptas vel doloremque dolores; consequatur ut dignissimos cum dolorem rerum sed ducimus quasi impedit aut aliquam, voluptatibus nulla sit.\r\nEt provident omnis ut minus a quo reiciendis aliquam ut dolorem inventore dolor sed id. Ipsam illo, perferendis unde qui odio tempore error officia aut perferendis sunt aperiam molestias ex? Voluptatem error molestiae ut expedita unde tempore nihil quis sint nostrum distinctio eveniet quod et.', 6);

--
-- Inserting data into table Student
--
INSERT INTO Student(studentEmail, fName, lName, age, address, year, deviceID) VALUES
('Willett6@uwo.ca', 'Marlon', 'Seaman', 22, '202 Woodrow Cir', 1, '20893'),
('Caron637@uwo.ca', 'Lurline', 'Burley', 23, '1434 Riddle Hill Road', 2, '16066'),
('Tasha_Kroll762@uwo.ca', 'August', 'Farr', 18, '1340 White Glenwood Lane', 1, '96117'),
('KyungBlanco@uwo.ca', 'Marc', 'Tremblay', 18, '2489 Church Court', 5, '83115'),
('Buckner3@uwo.ca', 'Grady', 'Cooley', 24, '3791 Oak Hwy', 3, '16502'),
('blragmro70@uwo.ca', 'Freeman', 'Searcy', 22, '72 Highland Ln', 3, '07797'),
('ccvytcan_qlqnxys@uwo.ca', 'Adah', 'Trent', 23, '784 Town Lane', 4, '04990'),
('EmeryAcevedo@uwo.ca', 'Adela', 'Sears', 23, '1470 West Fox Hill Way', 2, '74235'),
('Zada.Paquette438@uwo.ca', 'Denna', 'Farrar', 25, '1187 New Front Hwy', 2, '51507'),
('Jonathan.Cleary@uwo.ca', 'Yahaira', 'Ostrander', 24, '513 Chapel Hill Drive', 5, '35489'),
('Bandy9@uwo.ca', 'Billie', 'Henson', 23, '78 Market Parkway', 6, '12287'),
('Buss@uwo.ca', 'Bryon', 'Larry', 19, '64 Old Ashwood Avenue', 6, '44058'),
('LutherM.Rubio@uwo.ca', 'Buffy', 'Rudolph', 23, '19 Sharp Hill Rd', 2, '79112'),
('NaomiCasillas4@uwo.ca', 'Anthony', 'Osullivan', 18, '1768 NW Fox Hill Loop', 1, '95980'),
('Hamby@uwo.ca', 'Mardell', 'Ashworth', 24, '985 White Rockwood Court', 3, '99126'),
('Lunsford9@uwo.ca', 'Adam', 'Ruff', 22, '1784 Oak Ct', 1, '14820'),
('PetitY899@uwo.ca', 'Brooks', 'Her', 22, '1079 E Quailwood Highway', 1, '96052'),
('Sparkle_RAbney@uwo.ca', 'Tomika', 'Burnett', 21, '1302 Riverside Circle', 4, '01645'),
('Acuna@uwo.ca', 'Luigi', 'Coombs', 24, '3259 NE Parkwood Circle', 4, '54989'),
('RacquelMajor@uwo.ca', 'Casey', 'Trevino', 19, '2674 Ski Hill Street', 4, '99969'),
('Abe.Haskins@uwo.ca', 'Jonathan', 'Seaton', 24, '1318 Waterview Ave', 2, '49656'),
('KelleyHoran67@uwo.ca', 'Douglass', 'Farrell', 20, '1261 Ski Hill Parkway', 5, '90005'),
('Akin376@uwo.ca', 'Nelson', 'Oswald', 18, '785 Highland Ln', 4, '64538'),
('Blue@uwo.ca', 'Lessie', 'Askew', 22, '426 Hidden Burwood Parkway', 5, '65458'),
('DaciaK_Abbott@uwo.ca', 'Lavern', 'Larsen', 25, '59 Oak Blvd', 3, '20416'),
('Fitzgerald@uwo.ca', 'Maida', 'Tribble', 19, '655 North Church St', 5, '44952'),
('Abbott@uwo.ca', 'Shawana', 'Burnette', 24, '1691 Prospect Hill Pkwy', 1, '56579'),
('EnriqueLemaster@uwo.ca', 'Gayle', 'Herbert', 21, '3208 New Oak Ct', 2, '17501'),
('AikoBain@uwo.ca', 'Amos', 'Ruffin', 24, '2049 Church Ln', 2, '21363'),
('Large@uwo.ca', 'Alda', 'Coon', 19, '654 West Riddle Hill Lane', 4, '88352'),
('oksalwx5913@uwo.ca', 'Mary', 'Atchison', 21, '3743 Edgewood Lane', 4, '70235'),
('Headrick87@uwo.ca', 'Lai', 'Larson', 22, '2144 N Parkwood Loop', 1, '09299'),
('eroi9792@uwo.ca', 'Adaline', 'Otero', 20, '1458 SE Beachwood Drive', 3, '83991'),
('Alina.Wyatt@uwo.ca', 'Letty', 'Farrington', 24, '789 E Mount Way', 1, '05417'),
('ArmidaZepeda@uwo.ca', 'Bernie', 'Ruiz', 20, '2982 Front Drive', 1, '43180'),
('ColinPaulsen@uwo.ca', 'Omer', 'Seay', 25, '225 Chapel Hill Rd', 6, '83524'),
('BrittnyBerlin844@uwo.ca', 'Abbie', 'Otis', 23, '3739 Deepwood Dr', 4, '77631'),
('Raleigh_Aldrich@uwo.ca', 'Felton', 'Cooney', 21, '553 Hunting Hill Highway', 4, '79687'),
('Slone218@uwo.ca', 'Arnoldo', 'Farris', 20, '849 Ironwood Highway', 3, '74739'),
('ShawneeChan@uwo.ca', 'Adan', 'Trice', 22, '1975 Ironwood Highway', 3, '78432'),
('AdrianH.Laughlin2@uwo.ca', 'Holli', 'Seeley', 24, '58 E Prospect Hill Lane', 5, '33520'),
('Lucien_W.Abernathy@uwo.ca', 'Corey', 'Heredia', 21, '684 Sharp Hill Avenue', 2, '79983'),
('CarolAndre@uwo.ca', 'Dewitt', 'Trimble', 21, '2658 SE Prospect Hill Drive', 2, '31556'),
('Acevedo587@uwo.ca', 'Edgardo', 'Runyan', 18, '72 Rose Hill Loop', 3, '28255'),
('Debbie.Palma@uwo.ca', 'Dwight', 'Segura', 25, '1691 Beachwood Road', 6, '03337'),
('FlorencioBConti@uwo.ca', 'Adelaida', 'Coons', 24, '3806 East Farmview Hwy', 5, '67587'),
('Loyd183@uwo.ca', 'Alejandro', 'Farrow', 24, '2295 Rose Hill Pkwy', 3, '43020'),
('Abram_Harvey@uwo.ca', 'Leonarda', 'Burney', 20, '3501 Hunting Hill Street', 3, '66120'),
('oyjipemz_zaivthpnmi@uwo.ca', 'Lanie', 'Cooper', 21, '2838 North Riddle Hill Drive', 2, '52612'),
('Hana_Abney@uwo.ca', 'Glayds', 'Larue', 19, '59 White Social Ct', 2, '25982');

--
-- Inserting data into table Zone
--
INSERT INTO Zone(zoneID, zoneDensity, riskLevel) VALUES
('65221', 8.787257, 1),
('90723', 8.989033, 2),
('42972', 3.890421, 4),
('77230', 0.734025, 3),
('84031', 3.313435, 4);

--
-- Inserting data into table Classroom
--
INSERT INTO Classroom(roomNumber, numberOfSeats, buildingName) VALUES
('11638', 184, 'TTA'),
('86148', 85, 'GSM'),
('52432', 91, 'YSO'),
('37879', 266, 'ESD'),
('87267', 176, 'JEG'),
('24206', 111, 'SGO'),
('22554', 120, 'LOO'),
('93854', 224, 'BUI'),
('99298', 202, 'SRQ'),
('74883', 149, 'TKA'),
('39508', 232, 'LUD'),
('14355', 24, 'YAA'),
('12252', 184, 'VLI'),
('78280', 115, 'IXC'),
('05228', 244, 'MZR'),
('46921', 237, 'AGB'),
('19089', 103, 'PKV'),
('10306', 200, 'SVB'),
('90143', 298, 'AGB'),
('66686', 136, 'LOO'),
('63360', 87, 'ESD'),
('94854', 256, 'BTM'),
('49469', 63, 'OND'),
('38558', 61, 'FTA'),
('53732', NULL, 'LPY'),
('40899', 144, 'PKV'),
('08240', 115, 'KYK'),
('32676', 70, 'YZP'),
('45340', 34, 'YZP'),
('78495', 163, 'SRQ'),
('83425', 151, 'ATD'),
('21092', 149, 'GSM'),
('80380', 288, 'AGB'),
('12386', 104, 'CCN'),
('04823', 146, 'QXG'),
('79250', 89, 'SOQ'),
('87606', 29, 'BUI'),
('19554', 28, 'CYX'),
('05910', 29, 'AXJ'),
('86604', 84, 'SOQ'),
('71062', 171, 'WMO'),
('94481', 33, 'IXC'),
('67681', 215, 'CAG'),
('96555', 179, 'DHA'),
('01700', 156, 'ATD'),
('68061', 215, 'SVB'),
('51563', 31, 'CYX'),
('87529', 219, 'KYK'),
('26966', 204, 'CDS'),
('17499', 214, 'KEK');

--
-- Inserting data into table Location
--
INSERT INTO Location(studentEmail, time, date, longitude, latitude) VALUES
('Loyd183@uwo.ca', '02:24:04', '2014-04-08', 17.146384, 502.049914),
('Zada.Paquette438@uwo.ca', '19:29:22', '1975-02-06', -881.855435, -25.28657),
('Sparkle_RAbney@uwo.ca', '16:09:51', '2014-04-05', 311.215257, 988.483152),
('KyungBlanco@uwo.ca', '16:09:49', '1996-08-19', -601.37733, 25.764088),
('EnriqueLemaster@uwo.ca', '21:53:24', '1970-01-08', 35.498646, -238.488487),
('Hana_Abney@uwo.ca', '00:00:04', '1996-08-23', -905.298345, 356.14798),
('Debbie.Palma@uwo.ca', '08:58:18', '2006-12-09', 511.448834, -619.814037),
('Abram_Harvey@uwo.ca', '21:53:26', '2001-11-06', -697.178844, -493.096339),
('FlorencioBConti@uwo.ca', '06:34:18', '1975-02-12', -282.175118, -629.520369),
('Akin376@uwo.ca', '18:33:52', '1970-01-06', -82.179811, 57.992075),
('LutherM.Rubio@uwo.ca', '18:33:51', '2019-05-06', -5.456587, 250.280558),
('Acuna@uwo.ca', '00:00:02', '1970-01-05', -169.693028, 141.034712),
('Lucien_W.Abernathy@uwo.ca', '19:29:28', '1989-06-14', 571.924146, 332.378446),
('NaomiCasillas4@uwo.ca', '09:43:10', '1970-01-04', 973.684635, -691.942924),
('RacquelMajor@uwo.ca', '12:07:11', '1996-08-20', -581.187874, -26.248218),
('oyjipemz_zaivthpnmi@uwo.ca', '12:07:14', '2006-12-10', -792.197454, -143.321743),
('Hamby@uwo.ca', '21:53:20', '1975-02-07', -861.766909, 636.07011),
('BrittnyBerlin844@uwo.ca', '12:07:13', '2001-11-05', 425.874073, -598.184114),
('CarolAndre@uwo.ca', '09:43:13', '1996-08-22', -232.926026, -869.065695),
('Abe.Haskins@uwo.ca', '19:29:24', '1984-05-10', 162.330128, -583.601592),
('AikoBain@uwo.ca', '09:43:11', '2014-04-06', -9.816626, -598.793187),
('Raleigh_Aldrich@uwo.ca', '02:24:03', '1991-07-20', 551.028608, -500.342056),
('Jonathan.Cleary@uwo.ca', '16:09:50', '2006-12-07', -926.252456, -501.025396),
('Lunsford9@uwo.ca', '19:29:23', '1989-06-12', -93.14331, 3.012432),
('Buckner3@uwo.ca', '12:07:09', '1991-07-18', 348.010422, -3.358137),
('Bandy9@uwo.ca', '06:34:15', '2020-11-25', 30.595292, -940.038107),
('Blue@uwo.ca', '21:53:22', '1975-02-09', -726.315955, -590.151062),
('Large@uwo.ca', '19:29:27', '1991-07-19', -179.42694, -7.52351),
('DaciaK_Abbott@uwo.ca', '19:29:25', '1970-01-07', 661.945941, -561.926106),
('KelleyHoran67@uwo.ca', '08:58:16', '1975-02-08', 2.757297, -264.191104),
('Acevedo587@uwo.ca', '16:09:53', '1991-07-21', 998.589682, -524.633384),
('blragmro70@uwo.ca', '18:33:50', '1975-02-05', -637.117166, 254.655798),
('oksalwx5913@uwo.ca', '12:07:12', '1989-06-13', 390.64171, 748.523565),
('Slone218@uwo.ca', '00:00:03', '1975-02-11', -171.513782, 43.094845),
('Fitzgerald@uwo.ca', '21:53:23', '1975-02-10', -39.27502, 69.02171),
('Headrick87@uwo.ca', '06:34:16', '2019-05-08', -529.512122, 432.841736),
('PetitY899@uwo.ca', '21:53:21', '2001-11-04', -184.881432, -567.674958),
('Buss@uwo.ca', '12:07:10', '1984-05-09', 785.614491, -205.526964),
('Willett6@uwo.ca', '21:53:19', '1989-06-11', 92.14437, -757.393049),
('Alina.Wyatt@uwo.ca', '09:43:12', '1996-08-21', -249.304646, -178.536787),
('ShawneeChan@uwo.ca', '06:34:17', '1970-01-09', -699.506094, 76.927153),
('Abbott@uwo.ca', '19:29:26', '2019-05-07', -464.129768, -4.014458),
('eroi9792@uwo.ca', '16:09:52', '1984-05-11', 809.050297, 512.487623),
('ccvytcan_qlqnxys@uwo.ca', '09:43:09', '2014-04-04', -138.086953, 4.844578),
('ArmidaZepeda@uwo.ca', '18:33:53', '2014-04-07', -10.600319, 180.049872),
('AdrianH.Laughlin2@uwo.ca', '21:53:25', '2019-05-09', -3.452582, -447.698711),
('ColinPaulsen@uwo.ca', '08:58:17', '2006-12-08', 6.195136, -534.973152),
('Caron637@uwo.ca', '09:43:08', '1970-01-02', -736.637415, 0.452425),
('EmeryAcevedo@uwo.ca', '08:58:15', '1970-01-03', 361.212473, -766.824822),
('Tasha_Kroll762@uwo.ca', '18:33:49', '2001-11-03', -707.032505, -770.307672);

--
-- Inserting data into table COVID_Case
--
INSERT INTO COVID_Case(studentEmail, dateReported, status, timeReported, dateResolved) VALUES
('Loyd183@uwo.ca', '2020-09-02', 'B', '23:42:27', '2020-10-30'),
('Zada.Paquette438@uwo.ca', '2020-07-27', 'B', '00:00:07', '2020-06-30'),
('Sparkle_RAbney@uwo.ca', '2020-02-12', 'E', '00:00:09', '2020-01-11'),
('KyungBlanco@uwo.ca', '2020-07-26', 'B', '00:31:40', '2020-05-27'),
('EnriqueLemaster@uwo.ca', '2020-06-01', 'C', '00:00:01', NULL),
('Hana_Abney@uwo.ca', '2020-06-03', 'C', '10:51:11', '2020-01-01'),
('Debbie.Palma@uwo.ca', '2020-05-13', 'A', '07:04:28', '2020-06-21'),
('Abram_Harvey@uwo.ca', '2020-03-08', 'C', '22:29:35', '2020-04-11'),
('FlorencioBConti@uwo.ca', '2020-04-10', 'C', '10:06:12', '2020-08-17'),
('Akin376@uwo.ca', '2020-05-31', 'C', '12:01:24', NULL),
('LutherM.Rubio@uwo.ca', '2020-05-30', 'C', '15:35:46', '2020-08-28'),
('Acuna@uwo.ca', '2020-01-10', 'E', '10:23:22', '2020-01-08'),
('Lucien_W.Abernathy@uwo.ca', '2020-09-01', 'B', '06:48:23', '2020-11-10'),
('NaomiCasillas4@uwo.ca', '2020-07-28', 'B', '09:12:16', '2020-11-02'),
('RacquelMajor@uwo.ca', '2020-02-13', 'C', '13:44:09', '2020-01-05'),
('oyjipemz_zaivthpnmi@uwo.ca', '2020-02-16', 'B', '00:12:43', '2020-05-29'),
('Hamby@uwo.ca', '2020-04-08', 'A', '01:47:36', '2020-07-04'),
('BrittnyBerlin844@uwo.ca', '2020-07-06', 'B', '00:00:03', '2020-05-02'),
('CarolAndre@uwo.ca', '2020-07-30', 'B', '10:49:46', '2020-08-20'),
('Abe.Haskins@uwo.ca', '2020-09-27', 'B', '15:41:06', '2020-02-14'),
('AikoBain@uwo.ca', '2020-07-05', 'A', '02:03:02', NULL),
('Raleigh_Aldrich@uwo.ca', '2020-02-15', 'E', '00:00:05', '2020-05-05'),
('Jonathan.Cleary@uwo.ca', '2020-01-09', 'C', '00:00:02', '2020-09-28'),
('Lunsford9@uwo.ca', '2020-07-03', 'B', '22:26:36', NULL),
('Buckner3@uwo.ca', '2020-08-29', 'E', '07:18:43', '2020-08-20'),
('Bandy9@uwo.ca', '2020-09-26', 'E', '08:29:52', '2020-07-16'),
('Blue@uwo.ca', '2020-07-04', 'B', '00:14:48', '2020-05-20'),
('Large@uwo.ca', '2020-06-02', 'B', '00:00:02', '2020-05-01'),
('DaciaK_Abbott@uwo.ca', '2020-08-31', 'C', '00:09:08', '2020-03-22'),
('KelleyHoran67@uwo.ca', '2020-05-12', 'E', '00:37:10', '2020-04-23'),
('Acevedo587@uwo.ca', '2020-09-30', 'C', '01:29:45', '2020-06-11'),
('blragmro70@uwo.ca', '2020-07-02', 'B', '15:57:43', '2020-10-25'),
('oksalwx5913@uwo.ca', '2020-02-14', 'B', '00:08:45', '2020-02-25'),
('Slone218@uwo.ca', '2020-04-09', 'B', '02:19:16', '2020-01-05'),
('Fitzgerald@uwo.ca', '2020-10-28', 'D', '00:00:54', '2020-03-14'),
('Headrick87@uwo.ca', '2020-09-28', 'C', '00:14:52', NULL),
('PetitY899@uwo.ca', '2020-10-27', 'C', '03:03:58', NULL),
('Buss@uwo.ca', '2020-08-30', 'C', '00:00:07', '2020-08-06'),
('Willett6@uwo.ca', '2020-05-29', 'B', '04:34:47', '2020-06-24'),
('Alina.Wyatt@uwo.ca', '2020-10-29', 'B', '00:01:38', '2020-06-10'),
('ShawneeChan@uwo.ca', '2020-01-13', 'D', '07:43:22', '2020-02-07'),
('Abbott@uwo.ca', '2020-01-11', 'A', '18:36:44', '2020-04-16'),
('eroi9792@uwo.ca', '2020-01-12', 'A', '00:08:52', '2020-08-05'),
('ccvytcan_qlqnxys@uwo.ca', '2020-04-07', 'E', '06:27:30', NULL),
('ArmidaZepeda@uwo.ca', '2020-09-29', 'C', '08:56:58', '2020-01-18'),
('AdrianH.Laughlin2@uwo.ca', '2020-10-30', 'D', '02:58:27', NULL),
('ColinPaulsen@uwo.ca', '2020-07-29', 'B', '00:05:05', '2020-02-20'),
('Caron637@uwo.ca', '2020-11-25', 'B', '04:13:48', '2020-08-13'),
('EmeryAcevedo@uwo.ca', '2020-05-11', 'B', '11:45:51', NULL),
('Tasha_Kroll762@uwo.ca', '2020-10-26', 'C', '14:43:30', '2020-09-28');

--
-- Inserting data into table Enrollment
--
INSERT INTO Enrollment(courseID, studentEmail, currentlyEnrolled) VALUES
('67222', 'Loyd183@uwo.ca', 1),
('39121', 'Zada.Paquette438@uwo.ca', 1),
('48859', 'Sparkle_RAbney@uwo.ca', 1),
('46790', 'KyungBlanco@uwo.ca', 1),
('76947', 'EnriqueLemaster@uwo.ca', 1),
('61226', 'Hana_Abney@uwo.ca', 1),
('42754', 'Debbie.Palma@uwo.ca', 1),
('01253', 'Abram_Harvey@uwo.ca', 1),
('45501', 'FlorencioBConti@uwo.ca', 1),
('27868', 'Akin376@uwo.ca', 1),
('43325', 'LutherM.Rubio@uwo.ca', 1),
('32786', 'Acuna@uwo.ca', 1),
('20367', 'Lucien_W.Abernathy@uwo.ca', 1),
('35066', 'NaomiCasillas4@uwo.ca', 0),
('47383', 'RacquelMajor@uwo.ca', 1),
('20454', 'oyjipemz_zaivthpnmi@uwo.ca', 1),
('22845', 'Hamby@uwo.ca', 1),
('93025', 'BrittnyBerlin844@uwo.ca', 1),
('75456', 'CarolAndre@uwo.ca', 1),
('00071', 'Abe.Haskins@uwo.ca', 1),
('29903', 'AikoBain@uwo.ca', 1),
('38672', 'Raleigh_Aldrich@uwo.ca', 1),
('69493', 'Jonathan.Cleary@uwo.ca', 1),
('67808', 'Lunsford9@uwo.ca', 1),
('30199', 'Buckner3@uwo.ca', 1),
('52349', 'Bandy9@uwo.ca', 1),
('76337', 'Blue@uwo.ca', 1),
('56780', 'Large@uwo.ca', 1),
('06604', 'DaciaK_Abbott@uwo.ca', 1),
('80179', 'KelleyHoran67@uwo.ca', 1),
('69402', 'Acevedo587@uwo.ca', 1),
('96161', 'blragmro70@uwo.ca', 1),
('89796', 'oksalwx5913@uwo.ca', 1),
('85342', 'Slone218@uwo.ca', 1),
('63249', 'Fitzgerald@uwo.ca', 1),
('66073', 'Headrick87@uwo.ca', 1),
('14056', 'PetitY899@uwo.ca', 1),
('35930', 'Buss@uwo.ca', 1),
('56857', 'Willett6@uwo.ca', 1),
('81385', 'Alina.Wyatt@uwo.ca', 1),
('22326', 'ShawneeChan@uwo.ca', 1),
('45399', 'Abbott@uwo.ca', 1),
('64540', 'eroi9792@uwo.ca', 1),
('43675', 'ccvytcan_qlqnxys@uwo.ca', 1),
('67961', 'ArmidaZepeda@uwo.ca', 1),
('77561', 'AdrianH.Laughlin2@uwo.ca', 1),
('91056', 'ColinPaulsen@uwo.ca', 1),
('08272', 'Caron637@uwo.ca', 1),
('05134', 'EmeryAcevedo@uwo.ca', 1),
('71802', 'Tasha_Kroll762@uwo.ca', 0);

--
-- Inserting data into table Lecture
--
INSERT INTO Lecture(lectureID, startTime, endTime, courseID, classroomNumber) VALUES
('43757', '00:04:55', '23:17:25', '64540', '74883'),
('33847', '00:01:22', '23:35:52', '93025', '74883'),
('23248', '14:20:15', '14:01:02', '77561', '39508'),
('03317', '21:48:16', '22:03:32', '85342', '87529'),
('38549', '23:40:21', '18:32:31', '38672', '04823'),
('88873', '10:48:39', '22:34:21', '64540', '04823'),
('67586', '23:42:31', '21:57:11', '46790', '22554'),
('49858', '00:00:04', '00:03:18', '22845', '87267'),
('00216', '02:39:05', '20:09:34', '20367', '45340'),
('08394', '00:00:01', '15:11:44', '77561', '78280'),
('82404', '10:12:53', '07:23:04', '89796', '83425'),
('74332', '00:00:06', '16:57:17', '27868', '79250'),
('26123', '00:38:00', '16:10:00', '96161', '12252'),
('57133', '22:13:07', '17:11:36', '29903', '63360'),
('38928', '06:08:46', '13:14:58', '80179', '63360'),
('17618', '00:00:04', '10:59:23', '14056', '11638'),
('35472', '12:12:28', '15:14:46', '20454', '83425'),
('25943', '01:31:26', '12:22:00', '67808', '21092'),
('38742', '01:33:42', '12:30:55', '06604', '66686'),
('04959', '19:14:34', '01:10:18', '67222', '94481'),
('65300', '00:00:38', '22:01:33', '56857', '10306'),
('42296', '19:51:32', '00:00:10', '43675', '11638'),
('81138', '10:46:37', '17:14:47', '66073', '87529'),
('98805', '22:15:25', '15:13:31', '00071', '96555'),
('10123', '13:20:34', '08:17:17', '42754', '87606'),
('60963', '00:00:10', '02:01:37', '56780', '37879'),
('18346', '14:44:02', '15:04:56', '20454', '12386'),
('64696', '00:00:52', '01:23:50', '89796', '40899'),
('65341', '03:43:35', '14:57:03', '66073', '05910'),
('45580', '16:38:06', '00:02:21', '93025', '87606'),
('71962', '00:34:40', '18:10:09', '66073', '66686'),
('16346', '17:53:15', '04:21:21', '32786', '11638'),
('03329', '20:03:01', '14:06:37', '38672', '11638'),
('04892', '00:00:03', '19:07:15', '89796', '12386'),
('41142', '04:10:19', '07:49:09', '06604', '22554'),
('59050', '22:54:25', '02:00:10', '20367', '22554'),
('92128', '00:11:24', '14:57:28', '46790', '68061'),
('83892', '01:59:21', '22:04:37', '93025', '10306'),
('91039', '03:12:22', '06:00:12', '76337', '99298'),
('57996', '16:07:36', '00:00:04', '75456', '05228'),
('98689', '00:00:06', '20:53:46', '69402', '90143'),
('69984', '21:15:30', '14:18:10', '69402', '63360'),
('03669', '00:08:16', '12:43:50', '06604', '52432'),
('10943', '00:00:14', '00:15:42', '61226', '79250'),
('56645', '12:01:21', '05:21:55', '61226', '83425'),
('70713', '01:09:37', '00:00:04', '56780', '94854'),
('85811', '20:56:47', '02:49:24', '05134', '83425'),
('83222', '04:53:52', '17:42:21', '93025', '96555'),
('17849', '05:39:48', '14:11:20', '29903', '87267'),
('03606', '22:57:52', '08:09:53', '76337', '11638');

--
-- Inserting data into table Location_Distance
--
INSERT INTO Location_Distance(studentEmail1, studentEmail2, time, date, distance) VALUES
('eroi9792@uwo.ca', 'Alina.Wyatt@uwo.ca', '01:21:55', '1996-08-30', 763.441692),
('Buckner3@uwo.ca', 'Headrick87@uwo.ca', '00:09:30', '1971-07-24', -5.945185),
('BrittnyBerlin844@uwo.ca', 'Buckner3@uwo.ca', '05:08:29', '1997-01-16', 906.706796),
('ColinPaulsen@uwo.ca', 'Tasha_Kroll762@uwo.ca', '09:37:02', '1970-09-02', -285.926836),
('ShawneeChan@uwo.ca', 'CarolAndre@uwo.ca', '01:27:28', '1984-05-14', -105.922704),
('ccvytcan_qlqnxys@uwo.ca', 'Hamby@uwo.ca', '00:00:06', '1970-01-06', -433.835156),
('Jonathan.Cleary@uwo.ca', 'DaciaK_Abbott@uwo.ca', '17:16:24', '1985-07-16', -41.388514),
('Buss@uwo.ca', 'Fitzgerald@uwo.ca', '01:36:19', '1985-10-27', 29.462404),
('DaciaK_Abbott@uwo.ca', 'Slone218@uwo.ca', '01:25:15', '1970-05-16', 920.999062),
('Sparkle_RAbney@uwo.ca', 'Lucien_W.Abernathy@uwo.ca', '00:00:01', '1970-01-01', -406.035489),
('Debbie.Palma@uwo.ca', 'ArmidaZepeda@uwo.ca', '13:16:16', '2001-06-14', 544.509255),
('Zada.Paquette438@uwo.ca', 'Caron637@uwo.ca', '18:20:16', '1974-02-06', 885.84181),
('Hana_Abney@uwo.ca', 'AikoBain@uwo.ca', '06:10:46', '1989-02-16', -324.03435),
('Alina.Wyatt@uwo.ca', 'Lunsford9@uwo.ca', '01:26:22', '1984-03-09', 349.591111),
('AdrianH.Laughlin2@uwo.ca', 'AdrianH.Laughlin2@uwo.ca', '18:31:16', '1983-09-29', -654.851269),
('Lunsford9@uwo.ca', 'Raleigh_Aldrich@uwo.ca', '13:49:10', '2012-10-24', -396.970839),
('Bandy9@uwo.ca', 'Abbott@uwo.ca', '18:24:02', '2013-12-25', 280.929866),
('Abbott@uwo.ca', 'ccvytcan_qlqnxys@uwo.ca', '16:05:47', '2001-01-22', 871.72765),
('Large@uwo.ca', 'oyjipemz_zaivthpnmi@uwo.ca', '19:13:15', '1977-02-27', -168.968337),
('EmeryAcevedo@uwo.ca', 'EmeryAcevedo@uwo.ca', '02:10:09', '1991-05-19', -897.736935),
('CarolAndre@uwo.ca', 'FlorencioBConti@uwo.ca', '00:10:09', '1971-09-01', -365.899895),
('oksalwx5913@uwo.ca', 'oksalwx5913@uwo.ca', '20:21:41', '1997-02-22', -195.662244),
('Tasha_Kroll762@uwo.ca', 'Hana_Abney@uwo.ca', '13:46:52', '2005-11-12', 789.036218),
('blragmro70@uwo.ca', 'KelleyHoran67@uwo.ca', '00:01:19', '1970-03-20', 142.98642),
('ArmidaZepeda@uwo.ca', 'BrittnyBerlin844@uwo.ca', '00:27:03', '1999-08-08', -331.529814),
('Acevedo587@uwo.ca', 'Loyd183@uwo.ca', '04:55:18', '2019-12-04', -591.064135),
('Fitzgerald@uwo.ca', 'Abram_Harvey@uwo.ca', '20:52:50', '2020-08-01', -8.766325),
('Akin376@uwo.ca', 'eroi9792@uwo.ca', '00:14:03', '1972-04-22', 914.957315),
('FlorencioBConti@uwo.ca', 'Acevedo587@uwo.ca', '18:01:16', '1977-10-14', -929.489632),
('Abram_Harvey@uwo.ca', 'Zada.Paquette438@uwo.ca', '14:30:03', '1989-06-21', -83.029257),
('PetitY899@uwo.ca', 'Jonathan.Cleary@uwo.ca', '00:13:57', '1972-04-16', -963.866986),
('Hamby@uwo.ca', 'EnriqueLemaster@uwo.ca', '02:40:32', '1996-05-15', -57.912174),
('NaomiCasillas4@uwo.ca', 'Buss@uwo.ca', '02:20:12', '1988-09-12', 626.634963),
('LutherM.Rubio@uwo.ca', 'RacquelMajor@uwo.ca', '01:36:53', '1985-11-30', -632.138514),
('Lucien_W.Abernathy@uwo.ca', 'Bandy9@uwo.ca', '13:37:16', '1983-03-16', 438.997455),
('Blue@uwo.ca', 'KyungBlanco@uwo.ca', '04:41:36', '2003-10-19', -719.130066),
('Acuna@uwo.ca', 'PetitY899@uwo.ca', '07:32:26', '1996-02-27', -45.269537),
('Loyd183@uwo.ca', 'Debbie.Palma@uwo.ca', '02:45:44', '1996-09-09', 106.034999),
('KelleyHoran67@uwo.ca', 'Acuna@uwo.ca', '03:52:51', '2018-12-06', -109.552196),
('EnriqueLemaster@uwo.ca', 'Abe.Haskins@uwo.ca', '00:03:59', '2020-05-25', -672.947927),
('AikoBain@uwo.ca', 'Willett6@uwo.ca', '00:01:30', '1970-03-31', -227.254995),
('KyungBlanco@uwo.ca', 'Sparkle_RAbney@uwo.ca', '17:37:32', '2018-06-07', -117.261879),
('Headrick87@uwo.ca', 'NaomiCasillas4@uwo.ca', '01:31:32', '1985-01-13', -986.243998),
('Caron637@uwo.ca', 'LutherM.Rubio@uwo.ca', '08:34:19', '1989-08-06', -33.417537),
('Abe.Haskins@uwo.ca', 'blragmro70@uwo.ca', '11:42:47', '1971-04-15', 1.880534),
('oyjipemz_zaivthpnmi@uwo.ca', 'Large@uwo.ca', '14:59:08', '2000-04-27', 184.079956),
('RacquelMajor@uwo.ca', 'Blue@uwo.ca', '00:01:05', '1970-03-06', -930.204784),
('Raleigh_Aldrich@uwo.ca', 'ShawneeChan@uwo.ca', '03:53:25', '1994-11-10', -270.969205),
('Slone218@uwo.ca', 'ColinPaulsen@uwo.ca', '21:19:31', '1976-08-22', 8.113681),
('Willett6@uwo.ca', 'Akin376@uwo.ca', '23:53:08', '2009-11-05', -475.761833);

--
-- Inserting data into table Zone_Membership
--
INSERT INTO Zone_Membership(zoneID, latitude, longitude) VALUES
('90723', -238.81139, 146.622333),
('84031', 881.052238, -200.936545),
('77230', -438.611391, 275.899847),
('65221', -438.611392, 913.775239),
('84031', -238.81139, -593.06926),
('84031', 881.052239, -153.438387),
('77230', 478.033659, -59.221278),
('42972', -42.119564, 79.614084),
('84031', -438.611391, 87.692488),
('84031', 157.680436, 250.945943),
('65221', -880.572858, -98.823222),
('65221', 881.052238, 535.539134),
('65221', 681.252239, 720.19166),
('65221', -238.811391, 499.365599),
('65221', 157.680436, 148.749137),
('90723', -238.811391, 30.122887),
('65221', -438.611391, -739.491043),
('90723', -438.611391, -9.746807),
('65221', 681.25224, -15.125788),
('90723', 881.052238, 74.756253),
('90723', 157.680436, -709.925224),
('90723', 681.25224, -6.88368),
('90723', -880.572858, 349.533565),
('42972', 881.052238, -56.791242),
('90723', 681.252239, -220.568176),
('42972', 681.252239, -360.138071),
('42972', 157.680436, -857.464228),
('77230', 157.680436, 5.736439),
('77230', 681.25224, 751.011996),
('42972', -438.611391, 319.877229),
('42972', 681.25224, 196.214347),
('42972', -238.811391, 57.524317),
('84031', 681.25224, -409.050389),
('42972', -238.81139, 651.171223),
('77230', -238.811391, 848.70117),
('77230', 881.052238, -437.853584),
('77230', -238.81139, 862.673443),
('77230', -42.119564, -904.988933),
('84031', -42.119564, 553.282554),
('84031', 478.033659, -479.74696);